file,product,model,colour,code,lighting,angle
bottle_SER1-AMB-GL-SLV-IVO_neon_front.png,bottle,SERUM 30ML,Amber,SER1-AMB-GL-SLV-IVO,neon,front
bottle_SER1-AMB-GL-SLV-IVO_neon_hero.png,bottle,SERUM 30ML,Amber,SER1-AMB-GL-SLV-IVO,neon,hero
bottle_SER1-AMB-GL-SLV-IVO_neon_high.png,bottle,SERUM 30ML,Amber,SER1-AMB-GL-SLV-IVO,neon,high
bottle_SER1-AMB-GL-SLV-IVO_neon_profile.png,bottle,SERUM 30ML,Amber,SER1-AMB-GL-SLV-IVO,neon,profile
bottle_SER1-AMB-GL-SLV-IVO_showroom_front.png,bottle,SERUM 30ML,Amber,SER1-AMB-GL-SLV-IVO,showroom,front
bottle_SER1-AMB-GL-SLV-IVO_showroom_hero.png,bottle,SERUM 30ML,Amber,SER1-AMB-GL-SLV-IVO,showroom,hero
bottle_SER1-AMB-GL-SLV-IVO_showroom_high.png,bottle,SERUM 30ML,Amber,SER1-AMB-GL-SLV-IVO,showroom,high
bottle_SER1-AMB-GL-SLV-IVO_showroom_profile.png,bottle,SERUM 30ML,Amber,SER1-AMB-GL-SLV-IVO,showroom,profile
bottle_SER1-AMB-GL-SLV-IVO_studio_front.png,bottle,SERUM 30ML,Amber,SER1-AMB-GL-SLV-IVO,studio,front
bottle_SER1-AMB-GL-SLV-IVO_studio_hero.png,bottle,SERUM 30ML,Amber,SER1-AMB-GL-SLV-IVO,studio,hero
bottle_SER1-AMB-GL-SLV-IVO_studio_high.png,bottle,SERUM 30ML,Amber,SER1-AMB-GL-SLV-IVO,studio,high
bottle_SER1-AMB-GL-SLV-IVO_studio_profile.png,bottle,SERUM 30ML,Amber,SER1-AMB-GL-SLV-IVO,studio,profile
bottle_SER1-AMB-GL-SLV-IVO_sunset_front.png,bottle,SERUM 30ML,Amber,SER1-AMB-GL-SLV-IVO,sunset,front
bottle_SER1-AMB-GL-SLV-IVO_sunset_hero.png,bottle,SERUM 30ML,Amber,SER1-AMB-GL-SLV-IVO,sunset,hero
bottle_SER1-AMB-GL-SLV-IVO_sunset_high.png,bottle,SERUM 30ML,Amber,SER1-AMB-GL-SLV-IVO,sunset,high
bottle_SER1-AMB-GL-SLV-IVO_sunset_profile.png,bottle,SERUM 30ML,Amber,SER1-AMB-GL-SLV-IVO,sunset,profile
bottle_SER1-AMB-GL-SLV-IVO_white_front.png,bottle,SERUM 30ML,Amber,SER1-AMB-GL-SLV-IVO,white,front
bottle_SER1-AMB-GL-SLV-IVO_white_hero.png,bottle,SERUM 30ML,Amber,SER1-AMB-GL-SLV-IVO,white,hero
bottle_SER1-AMB-GL-SLV-IVO_white_high.png,bottle,SERUM 30ML,Amber,SER1-AMB-GL-SLV-IVO,white,high
bottle_SER1-AMB-GL-SLV-IVO_white_profile.png,bottle,SERUM 30ML,Amber,SER1-AMB-GL-SLV-IVO,white,profile
bottle_SER1-BLS-ST-WAL-NON_neon_front.png,bottle,SERUM 30ML,Blush,SER1-BLS-ST-WAL-NON,neon,front
bottle_SER1-BLS-ST-WAL-NON_neon_hero.png,bottle,SERUM 30ML,Blush,SER1-BLS-ST-WAL-NON,neon,hero
bottle_SER1-BLS-ST-WAL-NON_neon_high.png,bottle,SERUM 30ML,Blush,SER1-BLS-ST-WAL-NON,neon,high
bottle_SER1-BLS-ST-WAL-NON_neon_profile.png,bottle,SERUM 30ML,Blush,SER1-BLS-ST-WAL-NON,neon,profile
bottle_SER1-BLS-ST-WAL-NON_showroom_front.png,bottle,SERUM 30ML,Blush,SER1-BLS-ST-WAL-NON,showroom,front
bottle_SER1-BLS-ST-WAL-NON_showroom_hero.png,bottle,SERUM 30ML,Blush,SER1-BLS-ST-WAL-NON,showroom,hero
bottle_SER1-BLS-ST-WAL-NON_showroom_high.png,bottle,SERUM 30ML,Blush,SER1-BLS-ST-WAL-NON,showroom,high
bottle_SER1-BLS-ST-WAL-NON_showroom_profile.png,bottle,SERUM 30ML,Blush,SER1-BLS-ST-WAL-NON,showroom,profile
bottle_SER1-BLS-ST-WAL-NON_studio_front.png,bottle,SERUM 30ML,Blush,SER1-BLS-ST-WAL-NON,studio,front
bottle_SER1-BLS-ST-WAL-NON_studio_hero.png,bottle,SERUM 30ML,Blush,SER1-BLS-ST-WAL-NON,studio,hero
bottle_SER1-BLS-ST-WAL-NON_studio_high.png,bottle,SERUM 30ML,Blush,SER1-BLS-ST-WAL-NON,studio,high
bottle_SER1-BLS-ST-WAL-NON_studio_profile.png,bottle,SERUM 30ML,Blush,SER1-BLS-ST-WAL-NON,studio,profile
bottle_SER1-BLS-ST-WAL-NON_sunset_front.png,bottle,SERUM 30ML,Blush,SER1-BLS-ST-WAL-NON,sunset,front
bottle_SER1-BLS-ST-WAL-NON_sunset_hero.png,bottle,SERUM 30ML,Blush,SER1-BLS-ST-WAL-NON,sunset,hero
bottle_SER1-BLS-ST-WAL-NON_sunset_high.png,bottle,SERUM 30ML,Blush,SER1-BLS-ST-WAL-NON,sunset,high
bottle_SER1-BLS-ST-WAL-NON_sunset_profile.png,bottle,SERUM 30ML,Blush,SER1-BLS-ST-WAL-NON,sunset,profile
bottle_SER1-BLS-ST-WAL-NON_white_front.png,bottle,SERUM 30ML,Blush,SER1-BLS-ST-WAL-NON,white,front
bottle_SER1-BLS-ST-WAL-NON_white_hero.png,bottle,SERUM 30ML,Blush,SER1-BLS-ST-WAL-NON,white,hero
bottle_SER1-BLS-ST-WAL-NON_white_high.png,bottle,SERUM 30ML,Blush,SER1-BLS-ST-WAL-NON,white,high
bottle_SER1-BLS-ST-WAL-NON_white_profile.png,bottle,SERUM 30ML,Blush,SER1-BLS-ST-WAL-NON,white,profile
bottle_SER1-COB-GL-SLV-IVO_neon_front.png,bottle,SERUM 30ML,Cobalt,SER1-COB-GL-SLV-IVO,neon,front
bottle_SER1-COB-GL-SLV-IVO_neon_hero.png,bottle,SERUM 30ML,Cobalt,SER1-COB-GL-SLV-IVO,neon,hero
bottle_SER1-COB-GL-SLV-IVO_neon_high.png,bottle,SERUM 30ML,Cobalt,SER1-COB-GL-SLV-IVO,neon,high
bottle_SER1-COB-GL-SLV-IVO_neon_profile.png,bottle,SERUM 30ML,Cobalt,SER1-COB-GL-SLV-IVO,neon,profile
bottle_SER1-COB-GL-SLV-IVO_showroom_front.png,bottle,SERUM 30ML,Cobalt,SER1-COB-GL-SLV-IVO,showroom,front
bottle_SER1-COB-GL-SLV-IVO_showroom_hero.png,bottle,SERUM 30ML,Cobalt,SER1-COB-GL-SLV-IVO,showroom,hero
bottle_SER1-COB-GL-SLV-IVO_showroom_high.png,bottle,SERUM 30ML,Cobalt,SER1-COB-GL-SLV-IVO,showroom,high
bottle_SER1-COB-GL-SLV-IVO_showroom_profile.png,bottle,SERUM 30ML,Cobalt,SER1-COB-GL-SLV-IVO,showroom,profile
bottle_SER1-COB-GL-SLV-IVO_studio_front.png,bottle,SERUM 30ML,Cobalt,SER1-COB-GL-SLV-IVO,studio,front
bottle_SER1-COB-GL-SLV-IVO_studio_hero.png,bottle,SERUM 30ML,Cobalt,SER1-COB-GL-SLV-IVO,studio,hero
bottle_SER1-COB-GL-SLV-IVO_studio_high.png,bottle,SERUM 30ML,Cobalt,SER1-COB-GL-SLV-IVO,studio,high
bottle_SER1-COB-GL-SLV-IVO_studio_profile.png,bottle,SERUM 30ML,Cobalt,SER1-COB-GL-SLV-IVO,studio,profile
bottle_SER1-COB-GL-SLV-IVO_sunset_front.png,bottle,SERUM 30ML,Cobalt,SER1-COB-GL-SLV-IVO,sunset,front
bottle_SER1-COB-GL-SLV-IVO_sunset_hero.png,bottle,SERUM 30ML,Cobalt,SER1-COB-GL-SLV-IVO,sunset,hero
bottle_SER1-COB-GL-SLV-IVO_sunset_high.png,bottle,SERUM 30ML,Cobalt,SER1-COB-GL-SLV-IVO,sunset,high
bottle_SER1-COB-GL-SLV-IVO_sunset_profile.png,bottle,SERUM 30ML,Cobalt,SER1-COB-GL-SLV-IVO,sunset,profile
bottle_SER1-COB-GL-SLV-IVO_white_front.png,bottle,SERUM 30ML,Cobalt,SER1-COB-GL-SLV-IVO,white,front
bottle_SER1-COB-GL-SLV-IVO_white_hero.png,bottle,SERUM 30ML,Cobalt,SER1-COB-GL-SLV-IVO,white,hero
bottle_SER1-COB-GL-SLV-IVO_white_high.png,bottle,SERUM 30ML,Cobalt,SER1-COB-GL-SLV-IVO,white,high
bottle_SER1-COB-GL-SLV-IVO_white_profile.png,bottle,SERUM 30ML,Cobalt,SER1-COB-GL-SLV-IVO,white,profile
bottle_SER1-FRW-ST-WAL-NON_neon_front.png,bottle,SERUM 30ML,Frosted white,SER1-FRW-ST-WAL-NON,neon,front
bottle_SER1-FRW-ST-WAL-NON_neon_hero.png,bottle,SERUM 30ML,Frosted white,SER1-FRW-ST-WAL-NON,neon,hero
bottle_SER1-FRW-ST-WAL-NON_neon_high.png,bottle,SERUM 30ML,Frosted white,SER1-FRW-ST-WAL-NON,neon,high
bottle_SER1-FRW-ST-WAL-NON_neon_profile.png,bottle,SERUM 30ML,Frosted white,SER1-FRW-ST-WAL-NON,neon,profile
bottle_SER1-FRW-ST-WAL-NON_showroom_front.png,bottle,SERUM 30ML,Frosted white,SER1-FRW-ST-WAL-NON,showroom,front
bottle_SER1-FRW-ST-WAL-NON_showroom_hero.png,bottle,SERUM 30ML,Frosted white,SER1-FRW-ST-WAL-NON,showroom,hero
bottle_SER1-FRW-ST-WAL-NON_showroom_high.png,bottle,SERUM 30ML,Frosted white,SER1-FRW-ST-WAL-NON,showroom,high
bottle_SER1-FRW-ST-WAL-NON_showroom_profile.png,bottle,SERUM 30ML,Frosted white,SER1-FRW-ST-WAL-NON,showroom,profile
bottle_SER1-FRW-ST-WAL-NON_studio_front.png,bottle,SERUM 30ML,Frosted white,SER1-FRW-ST-WAL-NON,studio,front
bottle_SER1-FRW-ST-WAL-NON_studio_hero.png,bottle,SERUM 30ML,Frosted white,SER1-FRW-ST-WAL-NON,studio,hero
bottle_SER1-FRW-ST-WAL-NON_studio_high.png,bottle,SERUM 30ML,Frosted white,SER1-FRW-ST-WAL-NON,studio,high
bottle_SER1-FRW-ST-WAL-NON_studio_profile.png,bottle,SERUM 30ML,Frosted white,SER1-FRW-ST-WAL-NON,studio,profile
bottle_SER1-FRW-ST-WAL-NON_sunset_front.png,bottle,SERUM 30ML,Frosted white,SER1-FRW-ST-WAL-NON,sunset,front
bottle_SER1-FRW-ST-WAL-NON_sunset_hero.png,bottle,SERUM 30ML,Frosted white,SER1-FRW-ST-WAL-NON,sunset,hero
bottle_SER1-FRW-ST-WAL-NON_sunset_high.png,bottle,SERUM 30ML,Frosted white,SER1-FRW-ST-WAL-NON,sunset,high
bottle_SER1-FRW-ST-WAL-NON_sunset_profile.png,bottle,SERUM 30ML,Frosted white,SER1-FRW-ST-WAL-NON,sunset,profile
bottle_SER1-FRW-ST-WAL-NON_white_front.png,bottle,SERUM 30ML,Frosted white,SER1-FRW-ST-WAL-NON,white,front
bottle_SER1-FRW-ST-WAL-NON_white_hero.png,bottle,SERUM 30ML,Frosted white,SER1-FRW-ST-WAL-NON,white,hero
bottle_SER1-FRW-ST-WAL-NON_white_high.png,bottle,SERUM 30ML,Frosted white,SER1-FRW-ST-WAL-NON,white,high
bottle_SER1-FRW-ST-WAL-NON_white_profile.png,bottle,SERUM 30ML,Frosted white,SER1-FRW-ST-WAL-NON,white,profile
bottle_SER1-OBS-FR-BLK-FOI_neon_front.png,bottle,SERUM 30ML,Obsidian,SER1-OBS-FR-BLK-FOI,neon,front
bottle_SER1-OBS-FR-BLK-FOI_neon_hero.png,bottle,SERUM 30ML,Obsidian,SER1-OBS-FR-BLK-FOI,neon,hero
bottle_SER1-OBS-FR-BLK-FOI_neon_high.png,bottle,SERUM 30ML,Obsidian,SER1-OBS-FR-BLK-FOI,neon,high
bottle_SER1-OBS-FR-BLK-FOI_neon_profile.png,bottle,SERUM 30ML,Obsidian,SER1-OBS-FR-BLK-FOI,neon,profile
bottle_SER1-OBS-FR-BLK-FOI_showroom_front.png,bottle,SERUM 30ML,Obsidian,SER1-OBS-FR-BLK-FOI,showroom,front
bottle_SER1-OBS-FR-BLK-FOI_showroom_hero.png,bottle,SERUM 30ML,Obsidian,SER1-OBS-FR-BLK-FOI,showroom,hero
bottle_SER1-OBS-FR-BLK-FOI_showroom_high.png,bottle,SERUM 30ML,Obsidian,SER1-OBS-FR-BLK-FOI,showroom,high
bottle_SER1-OBS-FR-BLK-FOI_showroom_profile.png,bottle,SERUM 30ML,Obsidian,SER1-OBS-FR-BLK-FOI,showroom,profile
bottle_SER1-OBS-FR-BLK-FOI_studio_front.png,bottle,SERUM 30ML,Obsidian,SER1-OBS-FR-BLK-FOI,studio,front
bottle_SER1-OBS-FR-BLK-FOI_studio_hero.png,bottle,SERUM 30ML,Obsidian,SER1-OBS-FR-BLK-FOI,studio,hero
bottle_SER1-OBS-FR-BLK-FOI_studio_high.png,bottle,SERUM 30ML,Obsidian,SER1-OBS-FR-BLK-FOI,studio,high
bottle_SER1-OBS-FR-BLK-FOI_studio_profile.png,bottle,SERUM 30ML,Obsidian,SER1-OBS-FR-BLK-FOI,studio,profile
bottle_SER1-OBS-FR-BLK-FOI_sunset_front.png,bottle,SERUM 30ML,Obsidian,SER1-OBS-FR-BLK-FOI,sunset,front
bottle_SER1-OBS-FR-BLK-FOI_sunset_hero.png,bottle,SERUM 30ML,Obsidian,SER1-OBS-FR-BLK-FOI,sunset,hero
bottle_SER1-OBS-FR-BLK-FOI_sunset_high.png,bottle,SERUM 30ML,Obsidian,SER1-OBS-FR-BLK-FOI,sunset,high
bottle_SER1-OBS-FR-BLK-FOI_sunset_profile.png,bottle,SERUM 30ML,Obsidian,SER1-OBS-FR-BLK-FOI,sunset,profile
bottle_SER1-OBS-FR-BLK-FOI_white_front.png,bottle,SERUM 30ML,Obsidian,SER1-OBS-FR-BLK-FOI,white,front
bottle_SER1-OBS-FR-BLK-FOI_white_hero.png,bottle,SERUM 30ML,Obsidian,SER1-OBS-FR-BLK-FOI,white,hero
bottle_SER1-OBS-FR-BLK-FOI_white_high.png,bottle,SERUM 30ML,Obsidian,SER1-OBS-FR-BLK-FOI,white,high
bottle_SER1-OBS-FR-BLK-FOI_white_profile.png,bottle,SERUM 30ML,Obsidian,SER1-OBS-FR-BLK-FOI,white,profile
bottle_SER1-SGE-MT-GLD-BLK_neon_front.png,bottle,SERUM 30ML,Sage,SER1-SGE-MT-GLD-BLK,neon,front
bottle_SER1-SGE-MT-GLD-BLK_neon_hero.png,bottle,SERUM 30ML,Sage,SER1-SGE-MT-GLD-BLK,neon,hero
bottle_SER1-SGE-MT-GLD-BLK_neon_high.png,bottle,SERUM 30ML,Sage,SER1-SGE-MT-GLD-BLK,neon,high
bottle_SER1-SGE-MT-GLD-BLK_neon_profile.png,bottle,SERUM 30ML,Sage,SER1-SGE-MT-GLD-BLK,neon,profile
bottle_SER1-SGE-MT-GLD-BLK_showroom_front.png,bottle,SERUM 30ML,Sage,SER1-SGE-MT-GLD-BLK,showroom,front
bottle_SER1-SGE-MT-GLD-BLK_showroom_hero.png,bottle,SERUM 30ML,Sage,SER1-SGE-MT-GLD-BLK,showroom,hero
bottle_SER1-SGE-MT-GLD-BLK_showroom_high.png,bottle,SERUM 30ML,Sage,SER1-SGE-MT-GLD-BLK,showroom,high
bottle_SER1-SGE-MT-GLD-BLK_showroom_profile.png,bottle,SERUM 30ML,Sage,SER1-SGE-MT-GLD-BLK,showroom,profile
bottle_SER1-SGE-MT-GLD-BLK_studio_front.png,bottle,SERUM 30ML,Sage,SER1-SGE-MT-GLD-BLK,studio,front
bottle_SER1-SGE-MT-GLD-BLK_studio_hero.png,bottle,SERUM 30ML,Sage,SER1-SGE-MT-GLD-BLK,studio,hero
bottle_SER1-SGE-MT-GLD-BLK_studio_high.png,bottle,SERUM 30ML,Sage,SER1-SGE-MT-GLD-BLK,studio,high
bottle_SER1-SGE-MT-GLD-BLK_studio_profile.png,bottle,SERUM 30ML,Sage,SER1-SGE-MT-GLD-BLK,studio,profile
bottle_SER1-SGE-MT-GLD-BLK_sunset_front.png,bottle,SERUM 30ML,Sage,SER1-SGE-MT-GLD-BLK,sunset,front
bottle_SER1-SGE-MT-GLD-BLK_sunset_hero.png,bottle,SERUM 30ML,Sage,SER1-SGE-MT-GLD-BLK,sunset,hero
bottle_SER1-SGE-MT-GLD-BLK_sunset_high.png,bottle,SERUM 30ML,Sage,SER1-SGE-MT-GLD-BLK,sunset,high
bottle_SER1-SGE-MT-GLD-BLK_sunset_profile.png,bottle,SERUM 30ML,Sage,SER1-SGE-MT-GLD-BLK,sunset,profile
bottle_SER1-SGE-MT-GLD-BLK_white_front.png,bottle,SERUM 30ML,Sage,SER1-SGE-MT-GLD-BLK,white,front
bottle_SER1-SGE-MT-GLD-BLK_white_hero.png,bottle,SERUM 30ML,Sage,SER1-SGE-MT-GLD-BLK,white,hero
bottle_SER1-SGE-MT-GLD-BLK_white_high.png,bottle,SERUM 30ML,Sage,SER1-SGE-MT-GLD-BLK,white,high
bottle_SER1-SGE-MT-GLD-BLK_white_profile.png,bottle,SERUM 30ML,Sage,SER1-SGE-MT-GLD-BLK,white,profile
headphones_ORB1-ACD-GL-BLK-MSH_neon_front.png,headphones,ORBIT ONE,Acid,ORB1-ACD-GL-BLK-MSH,neon,front
headphones_ORB1-ACD-GL-BLK-MSH_neon_hero.png,headphones,ORBIT ONE,Acid,ORB1-ACD-GL-BLK-MSH,neon,hero
headphones_ORB1-ACD-GL-BLK-MSH_neon_high.png,headphones,ORBIT ONE,Acid,ORB1-ACD-GL-BLK-MSH,neon,high
headphones_ORB1-ACD-GL-BLK-MSH_neon_profile.png,headphones,ORBIT ONE,Acid,ORB1-ACD-GL-BLK-MSH,neon,profile
headphones_ORB1-ACD-GL-BLK-MSH_showroom_front.png,headphones,ORBIT ONE,Acid,ORB1-ACD-GL-BLK-MSH,showroom,front
headphones_ORB1-ACD-GL-BLK-MSH_showroom_hero.png,headphones,ORBIT ONE,Acid,ORB1-ACD-GL-BLK-MSH,showroom,hero
headphones_ORB1-ACD-GL-BLK-MSH_showroom_high.png,headphones,ORBIT ONE,Acid,ORB1-ACD-GL-BLK-MSH,showroom,high
headphones_ORB1-ACD-GL-BLK-MSH_showroom_profile.png,headphones,ORBIT ONE,Acid,ORB1-ACD-GL-BLK-MSH,showroom,profile
headphones_ORB1-ACD-GL-BLK-MSH_studio_front.png,headphones,ORBIT ONE,Acid,ORB1-ACD-GL-BLK-MSH,studio,front
headphones_ORB1-ACD-GL-BLK-MSH_studio_hero.png,headphones,ORBIT ONE,Acid,ORB1-ACD-GL-BLK-MSH,studio,hero
headphones_ORB1-ACD-GL-BLK-MSH_studio_high.png,headphones,ORBIT ONE,Acid,ORB1-ACD-GL-BLK-MSH,studio,high
headphones_ORB1-ACD-GL-BLK-MSH_studio_profile.png,headphones,ORBIT ONE,Acid,ORB1-ACD-GL-BLK-MSH,studio,profile
headphones_ORB1-ACD-GL-BLK-MSH_sunset_front.png,headphones,ORBIT ONE,Acid,ORB1-ACD-GL-BLK-MSH,sunset,front
headphones_ORB1-ACD-GL-BLK-MSH_sunset_hero.png,headphones,ORBIT ONE,Acid,ORB1-ACD-GL-BLK-MSH,sunset,hero
headphones_ORB1-ACD-GL-BLK-MSH_sunset_high.png,headphones,ORBIT ONE,Acid,ORB1-ACD-GL-BLK-MSH,sunset,high
headphones_ORB1-ACD-GL-BLK-MSH_sunset_profile.png,headphones,ORBIT ONE,Acid,ORB1-ACD-GL-BLK-MSH,sunset,profile
headphones_ORB1-ACD-GL-BLK-MSH_white_front.png,headphones,ORBIT ONE,Acid,ORB1-ACD-GL-BLK-MSH,white,front
headphones_ORB1-ACD-GL-BLK-MSH_white_hero.png,headphones,ORBIT ONE,Acid,ORB1-ACD-GL-BLK-MSH,white,hero
headphones_ORB1-ACD-GL-BLK-MSH_white_high.png,headphones,ORBIT ONE,Acid,ORB1-ACD-GL-BLK-MSH,white,high
headphones_ORB1-ACD-GL-BLK-MSH_white_profile.png,headphones,ORBIT ONE,Acid,ORB1-ACD-GL-BLK-MSH,white,profile
headphones_ORB1-CLY-MT-GLD-NAP_neon_front.png,headphones,ORBIT ONE,Terracotta,ORB1-CLY-MT-GLD-NAP,neon,front
headphones_ORB1-CLY-MT-GLD-NAP_neon_hero.png,headphones,ORBIT ONE,Terracotta,ORB1-CLY-MT-GLD-NAP,neon,hero
headphones_ORB1-CLY-MT-GLD-NAP_neon_high.png,headphones,ORBIT ONE,Terracotta,ORB1-CLY-MT-GLD-NAP,neon,high
headphones_ORB1-CLY-MT-GLD-NAP_neon_profile.png,headphones,ORBIT ONE,Terracotta,ORB1-CLY-MT-GLD-NAP,neon,profile
headphones_ORB1-CLY-MT-GLD-NAP_showroom_front.png,headphones,ORBIT ONE,Terracotta,ORB1-CLY-MT-GLD-NAP,showroom,front
headphones_ORB1-CLY-MT-GLD-NAP_showroom_hero.png,headphones,ORBIT ONE,Terracotta,ORB1-CLY-MT-GLD-NAP,showroom,hero
headphones_ORB1-CLY-MT-GLD-NAP_showroom_high.png,headphones,ORBIT ONE,Terracotta,ORB1-CLY-MT-GLD-NAP,showroom,high
headphones_ORB1-CLY-MT-GLD-NAP_showroom_profile.png,headphones,ORBIT ONE,Terracotta,ORB1-CLY-MT-GLD-NAP,showroom,profile
headphones_ORB1-CLY-MT-GLD-NAP_studio_front.png,headphones,ORBIT ONE,Terracotta,ORB1-CLY-MT-GLD-NAP,studio,front
headphones_ORB1-CLY-MT-GLD-NAP_studio_hero.png,headphones,ORBIT ONE,Terracotta,ORB1-CLY-MT-GLD-NAP,studio,hero
headphones_ORB1-CLY-MT-GLD-NAP_studio_high.png,headphones,ORBIT ONE,Terracotta,ORB1-CLY-MT-GLD-NAP,studio,high
headphones_ORB1-CLY-MT-GLD-NAP_studio_profile.png,headphones,ORBIT ONE,Terracotta,ORB1-CLY-MT-GLD-NAP,studio,profile
headphones_ORB1-CLY-MT-GLD-NAP_sunset_front.png,headphones,ORBIT ONE,Terracotta,ORB1-CLY-MT-GLD-NAP,sunset,front
headphones_ORB1-CLY-MT-GLD-NAP_sunset_hero.png,headphones,ORBIT ONE,Terracotta,ORB1-CLY-MT-GLD-NAP,sunset,hero
headphones_ORB1-CLY-MT-GLD-NAP_sunset_high.png,headphones,ORBIT ONE,Terracotta,ORB1-CLY-MT-GLD-NAP,sunset,high
headphones_ORB1-CLY-MT-GLD-NAP_sunset_profile.png,headphones,ORBIT ONE,Terracotta,ORB1-CLY-MT-GLD-NAP,sunset,profile
headphones_ORB1-CLY-MT-GLD-NAP_white_front.png,headphones,ORBIT ONE,Terracotta,ORB1-CLY-MT-GLD-NAP,white,front
headphones_ORB1-CLY-MT-GLD-NAP_white_hero.png,headphones,ORBIT ONE,Terracotta,ORB1-CLY-MT-GLD-NAP,white,hero
headphones_ORB1-CLY-MT-GLD-NAP_white_high.png,headphones,ORBIT ONE,Terracotta,ORB1-CLY-MT-GLD-NAP,white,high
headphones_ORB1-CLY-MT-GLD-NAP_white_profile.png,headphones,ORBIT ONE,Terracotta,ORB1-CLY-MT-GLD-NAP,white,profile
headphones_ORB1-GRA-ST-GUN-NAP_neon_front.png,headphones,ORBIT ONE,Graphite,ORB1-GRA-ST-GUN-NAP,neon,front
headphones_ORB1-GRA-ST-GUN-NAP_neon_hero.png,headphones,ORBIT ONE,Graphite,ORB1-GRA-ST-GUN-NAP,neon,hero
headphones_ORB1-GRA-ST-GUN-NAP_neon_high.png,headphones,ORBIT ONE,Graphite,ORB1-GRA-ST-GUN-NAP,neon,high
headphones_ORB1-GRA-ST-GUN-NAP_neon_profile.png,headphones,ORBIT ONE,Graphite,ORB1-GRA-ST-GUN-NAP,neon,profile
headphones_ORB1-GRA-ST-GUN-NAP_showroom_front.png,headphones,ORBIT ONE,Graphite,ORB1-GRA-ST-GUN-NAP,showroom,front
headphones_ORB1-GRA-ST-GUN-NAP_showroom_hero.png,headphones,ORBIT ONE,Graphite,ORB1-GRA-ST-GUN-NAP,showroom,hero
headphones_ORB1-GRA-ST-GUN-NAP_showroom_high.png,headphones,ORBIT ONE,Graphite,ORB1-GRA-ST-GUN-NAP,showroom,high
headphones_ORB1-GRA-ST-GUN-NAP_showroom_profile.png,headphones,ORBIT ONE,Graphite,ORB1-GRA-ST-GUN-NAP,showroom,profile
headphones_ORB1-GRA-ST-GUN-NAP_studio_front.png,headphones,ORBIT ONE,Graphite,ORB1-GRA-ST-GUN-NAP,studio,front
headphones_ORB1-GRA-ST-GUN-NAP_studio_hero.png,headphones,ORBIT ONE,Graphite,ORB1-GRA-ST-GUN-NAP,studio,hero
headphones_ORB1-GRA-ST-GUN-NAP_studio_high.png,headphones,ORBIT ONE,Graphite,ORB1-GRA-ST-GUN-NAP,studio,high
headphones_ORB1-GRA-ST-GUN-NAP_studio_profile.png,headphones,ORBIT ONE,Graphite,ORB1-GRA-ST-GUN-NAP,studio,profile
headphones_ORB1-GRA-ST-GUN-NAP_sunset_front.png,headphones,ORBIT ONE,Graphite,ORB1-GRA-ST-GUN-NAP,sunset,front
headphones_ORB1-GRA-ST-GUN-NAP_sunset_hero.png,headphones,ORBIT ONE,Graphite,ORB1-GRA-ST-GUN-NAP,sunset,hero
headphones_ORB1-GRA-ST-GUN-NAP_sunset_high.png,headphones,ORBIT ONE,Graphite,ORB1-GRA-ST-GUN-NAP,sunset,high
headphones_ORB1-GRA-ST-GUN-NAP_sunset_profile.png,headphones,ORBIT ONE,Graphite,ORB1-GRA-ST-GUN-NAP,sunset,profile
headphones_ORB1-GRA-ST-GUN-NAP_white_front.png,headphones,ORBIT ONE,Graphite,ORB1-GRA-ST-GUN-NAP,white,front
headphones_ORB1-GRA-ST-GUN-NAP_white_hero.png,headphones,ORBIT ONE,Graphite,ORB1-GRA-ST-GUN-NAP,white,hero
headphones_ORB1-GRA-ST-GUN-NAP_white_high.png,headphones,ORBIT ONE,Graphite,ORB1-GRA-ST-GUN-NAP,white,high
headphones_ORB1-GRA-ST-GUN-NAP_white_profile.png,headphones,ORBIT ONE,Graphite,ORB1-GRA-ST-GUN-NAP,white,profile
headphones_ORB1-IVO-GL-BLK-SUE_neon_front.png,headphones,ORBIT ONE,Ivory,ORB1-IVO-GL-BLK-SUE,neon,front
headphones_ORB1-IVO-GL-BLK-SUE_neon_hero.png,headphones,ORBIT ONE,Ivory,ORB1-IVO-GL-BLK-SUE,neon,hero
headphones_ORB1-IVO-GL-BLK-SUE_neon_high.png,headphones,ORBIT ONE,Ivory,ORB1-IVO-GL-BLK-SUE,neon,high
headphones_ORB1-IVO-GL-BLK-SUE_neon_profile.png,headphones,ORBIT ONE,Ivory,ORB1-IVO-GL-BLK-SUE,neon,profile
headphones_ORB1-IVO-GL-BLK-SUE_showroom_front.png,headphones,ORBIT ONE,Ivory,ORB1-IVO-GL-BLK-SUE,showroom,front
headphones_ORB1-IVO-GL-BLK-SUE_showroom_hero.png,headphones,ORBIT ONE,Ivory,ORB1-IVO-GL-BLK-SUE,showroom,hero
headphones_ORB1-IVO-GL-BLK-SUE_showroom_high.png,headphones,ORBIT ONE,Ivory,ORB1-IVO-GL-BLK-SUE,showroom,high
headphones_ORB1-IVO-GL-BLK-SUE_showroom_profile.png,headphones,ORBIT ONE,Ivory,ORB1-IVO-GL-BLK-SUE,showroom,profile
headphones_ORB1-IVO-GL-BLK-SUE_studio_front.png,headphones,ORBIT ONE,Ivory,ORB1-IVO-GL-BLK-SUE,studio,front
headphones_ORB1-IVO-GL-BLK-SUE_studio_hero.png,headphones,ORBIT ONE,Ivory,ORB1-IVO-GL-BLK-SUE,studio,hero
headphones_ORB1-IVO-GL-BLK-SUE_studio_high.png,headphones,ORBIT ONE,Ivory,ORB1-IVO-GL-BLK-SUE,studio,high
headphones_ORB1-IVO-GL-BLK-SUE_studio_profile.png,headphones,ORBIT ONE,Ivory,ORB1-IVO-GL-BLK-SUE,studio,profile
headphones_ORB1-IVO-GL-BLK-SUE_sunset_front.png,headphones,ORBIT ONE,Ivory,ORB1-IVO-GL-BLK-SUE,sunset,front
headphones_ORB1-IVO-GL-BLK-SUE_sunset_hero.png,headphones,ORBIT ONE,Ivory,ORB1-IVO-GL-BLK-SUE,sunset,hero
headphones_ORB1-IVO-GL-BLK-SUE_sunset_high.png,headphones,ORBIT ONE,Ivory,ORB1-IVO-GL-BLK-SUE,sunset,high
headphones_ORB1-IVO-GL-BLK-SUE_sunset_profile.png,headphones,ORBIT ONE,Ivory,ORB1-IVO-GL-BLK-SUE,sunset,profile
headphones_ORB1-IVO-GL-BLK-SUE_white_front.png,headphones,ORBIT ONE,Ivory,ORB1-IVO-GL-BLK-SUE,white,front
headphones_ORB1-IVO-GL-BLK-SUE_white_hero.png,headphones,ORBIT ONE,Ivory,ORB1-IVO-GL-BLK-SUE,white,hero
headphones_ORB1-IVO-GL-BLK-SUE_white_high.png,headphones,ORBIT ONE,Ivory,ORB1-IVO-GL-BLK-SUE,white,high
headphones_ORB1-IVO-GL-BLK-SUE_white_profile.png,headphones,ORBIT ONE,Ivory,ORB1-IVO-GL-BLK-SUE,white,profile
headphones_ORB1-MID-AN-STL-MSH_neon_front.png,headphones,ORBIT ONE,Midnight blue,ORB1-MID-AN-STL-MSH,neon,front
headphones_ORB1-MID-AN-STL-MSH_neon_hero.png,headphones,ORBIT ONE,Midnight blue,ORB1-MID-AN-STL-MSH,neon,hero
headphones_ORB1-MID-AN-STL-MSH_neon_high.png,headphones,ORBIT ONE,Midnight blue,ORB1-MID-AN-STL-MSH,neon,high
headphones_ORB1-MID-AN-STL-MSH_neon_profile.png,headphones,ORBIT ONE,Midnight blue,ORB1-MID-AN-STL-MSH,neon,profile
headphones_ORB1-MID-AN-STL-MSH_showroom_front.png,headphones,ORBIT ONE,Midnight blue,ORB1-MID-AN-STL-MSH,showroom,front
headphones_ORB1-MID-AN-STL-MSH_showroom_hero.png,headphones,ORBIT ONE,Midnight blue,ORB1-MID-AN-STL-MSH,showroom,hero
headphones_ORB1-MID-AN-STL-MSH_showroom_high.png,headphones,ORBIT ONE,Midnight blue,ORB1-MID-AN-STL-MSH,showroom,high
headphones_ORB1-MID-AN-STL-MSH_showroom_profile.png,headphones,ORBIT ONE,Midnight blue,ORB1-MID-AN-STL-MSH,showroom,profile
headphones_ORB1-MID-AN-STL-MSH_studio_front.png,headphones,ORBIT ONE,Midnight blue,ORB1-MID-AN-STL-MSH,studio,front
headphones_ORB1-MID-AN-STL-MSH_studio_hero.png,headphones,ORBIT ONE,Midnight blue,ORB1-MID-AN-STL-MSH,studio,hero
headphones_ORB1-MID-AN-STL-MSH_studio_high.png,headphones,ORBIT ONE,Midnight blue,ORB1-MID-AN-STL-MSH,studio,high
headphones_ORB1-MID-AN-STL-MSH_studio_profile.png,headphones,ORBIT ONE,Midnight blue,ORB1-MID-AN-STL-MSH,studio,profile
headphones_ORB1-MID-AN-STL-MSH_sunset_front.png,headphones,ORBIT ONE,Midnight blue,ORB1-MID-AN-STL-MSH,sunset,front
headphones_ORB1-MID-AN-STL-MSH_sunset_hero.png,headphones,ORBIT ONE,Midnight blue,ORB1-MID-AN-STL-MSH,sunset,hero
headphones_ORB1-MID-AN-STL-MSH_sunset_high.png,headphones,ORBIT ONE,Midnight blue,ORB1-MID-AN-STL-MSH,sunset,high
headphones_ORB1-MID-AN-STL-MSH_sunset_profile.png,headphones,ORBIT ONE,Midnight blue,ORB1-MID-AN-STL-MSH,sunset,profile
headphones_ORB1-MID-AN-STL-MSH_white_front.png,headphones,ORBIT ONE,Midnight blue,ORB1-MID-AN-STL-MSH,white,front
headphones_ORB1-MID-AN-STL-MSH_white_hero.png,headphones,ORBIT ONE,Midnight blue,ORB1-MID-AN-STL-MSH,white,hero
headphones_ORB1-MID-AN-STL-MSH_white_high.png,headphones,ORBIT ONE,Midnight blue,ORB1-MID-AN-STL-MSH,white,high
headphones_ORB1-MID-AN-STL-MSH_white_profile.png,headphones,ORBIT ONE,Midnight blue,ORB1-MID-AN-STL-MSH,white,profile
headphones_ORB1-SGE-ST-GUN-SUE_neon_front.png,headphones,ORBIT ONE,Sage,ORB1-SGE-ST-GUN-SUE,neon,front
headphones_ORB1-SGE-ST-GUN-SUE_neon_hero.png,headphones,ORBIT ONE,Sage,ORB1-SGE-ST-GUN-SUE,neon,hero
headphones_ORB1-SGE-ST-GUN-SUE_neon_high.png,headphones,ORBIT ONE,Sage,ORB1-SGE-ST-GUN-SUE,neon,high
headphones_ORB1-SGE-ST-GUN-SUE_neon_profile.png,headphones,ORBIT ONE,Sage,ORB1-SGE-ST-GUN-SUE,neon,profile
headphones_ORB1-SGE-ST-GUN-SUE_showroom_front.png,headphones,ORBIT ONE,Sage,ORB1-SGE-ST-GUN-SUE,showroom,front
headphones_ORB1-SGE-ST-GUN-SUE_showroom_hero.png,headphones,ORBIT ONE,Sage,ORB1-SGE-ST-GUN-SUE,showroom,hero
headphones_ORB1-SGE-ST-GUN-SUE_showroom_high.png,headphones,ORBIT ONE,Sage,ORB1-SGE-ST-GUN-SUE,showroom,high
headphones_ORB1-SGE-ST-GUN-SUE_showroom_profile.png,headphones,ORBIT ONE,Sage,ORB1-SGE-ST-GUN-SUE,showroom,profile
headphones_ORB1-SGE-ST-GUN-SUE_studio_front.png,headphones,ORBIT ONE,Sage,ORB1-SGE-ST-GUN-SUE,studio,front
headphones_ORB1-SGE-ST-GUN-SUE_studio_hero.png,headphones,ORBIT ONE,Sage,ORB1-SGE-ST-GUN-SUE,studio,hero
headphones_ORB1-SGE-ST-GUN-SUE_studio_high.png,headphones,ORBIT ONE,Sage,ORB1-SGE-ST-GUN-SUE,studio,high
headphones_ORB1-SGE-ST-GUN-SUE_studio_profile.png,headphones,ORBIT ONE,Sage,ORB1-SGE-ST-GUN-SUE,studio,profile
headphones_ORB1-SGE-ST-GUN-SUE_sunset_front.png,headphones,ORBIT ONE,Sage,ORB1-SGE-ST-GUN-SUE,sunset,front
headphones_ORB1-SGE-ST-GUN-SUE_sunset_hero.png,headphones,ORBIT ONE,Sage,ORB1-SGE-ST-GUN-SUE,sunset,hero
headphones_ORB1-SGE-ST-GUN-SUE_sunset_high.png,headphones,ORBIT ONE,Sage,ORB1-SGE-ST-GUN-SUE,sunset,high
headphones_ORB1-SGE-ST-GUN-SUE_sunset_profile.png,headphones,ORBIT ONE,Sage,ORB1-SGE-ST-GUN-SUE,sunset,profile
headphones_ORB1-SGE-ST-GUN-SUE_white_front.png,headphones,ORBIT ONE,Sage,ORB1-SGE-ST-GUN-SUE,white,front
headphones_ORB1-SGE-ST-GUN-SUE_white_hero.png,headphones,ORBIT ONE,Sage,ORB1-SGE-ST-GUN-SUE,white,hero
headphones_ORB1-SGE-ST-GUN-SUE_white_high.png,headphones,ORBIT ONE,Sage,ORB1-SGE-ST-GUN-SUE,white,high
headphones_ORB1-SGE-ST-GUN-SUE_white_profile.png,headphones,ORBIT ONE,Sage,ORB1-SGE-ST-GUN-SUE,white,profile
lamp_ARC1-BRS-BLK-DSC-NON_neon_front.png,lamp,ARC TABLE LAMP,Spun brass,ARC1-BRS-BLK-DSC-NON,neon,front
lamp_ARC1-BRS-BLK-DSC-NON_neon_hero.png,lamp,ARC TABLE LAMP,Spun brass,ARC1-BRS-BLK-DSC-NON,neon,hero
lamp_ARC1-BRS-BLK-DSC-NON_neon_high.png,lamp,ARC TABLE LAMP,Spun brass,ARC1-BRS-BLK-DSC-NON,neon,high
lamp_ARC1-BRS-BLK-DSC-NON_neon_profile.png,lamp,ARC TABLE LAMP,Spun brass,ARC1-BRS-BLK-DSC-NON,neon,profile
lamp_ARC1-BRS-BLK-DSC-NON_showroom_front.png,lamp,ARC TABLE LAMP,Spun brass,ARC1-BRS-BLK-DSC-NON,showroom,front
lamp_ARC1-BRS-BLK-DSC-NON_showroom_hero.png,lamp,ARC TABLE LAMP,Spun brass,ARC1-BRS-BLK-DSC-NON,showroom,hero
lamp_ARC1-BRS-BLK-DSC-NON_showroom_high.png,lamp,ARC TABLE LAMP,Spun brass,ARC1-BRS-BLK-DSC-NON,showroom,high
lamp_ARC1-BRS-BLK-DSC-NON_showroom_profile.png,lamp,ARC TABLE LAMP,Spun brass,ARC1-BRS-BLK-DSC-NON,showroom,profile
lamp_ARC1-BRS-BLK-DSC-NON_studio_front.png,lamp,ARC TABLE LAMP,Spun brass,ARC1-BRS-BLK-DSC-NON,studio,front
lamp_ARC1-BRS-BLK-DSC-NON_studio_hero.png,lamp,ARC TABLE LAMP,Spun brass,ARC1-BRS-BLK-DSC-NON,studio,hero
lamp_ARC1-BRS-BLK-DSC-NON_studio_high.png,lamp,ARC TABLE LAMP,Spun brass,ARC1-BRS-BLK-DSC-NON,studio,high
lamp_ARC1-BRS-BLK-DSC-NON_studio_profile.png,lamp,ARC TABLE LAMP,Spun brass,ARC1-BRS-BLK-DSC-NON,studio,profile
lamp_ARC1-BRS-BLK-DSC-NON_sunset_front.png,lamp,ARC TABLE LAMP,Spun brass,ARC1-BRS-BLK-DSC-NON,sunset,front
lamp_ARC1-BRS-BLK-DSC-NON_sunset_hero.png,lamp,ARC TABLE LAMP,Spun brass,ARC1-BRS-BLK-DSC-NON,sunset,hero
lamp_ARC1-BRS-BLK-DSC-NON_sunset_high.png,lamp,ARC TABLE LAMP,Spun brass,ARC1-BRS-BLK-DSC-NON,sunset,high
lamp_ARC1-BRS-BLK-DSC-NON_sunset_profile.png,lamp,ARC TABLE LAMP,Spun brass,ARC1-BRS-BLK-DSC-NON,sunset,profile
lamp_ARC1-BRS-BLK-DSC-NON_white_front.png,lamp,ARC TABLE LAMP,Spun brass,ARC1-BRS-BLK-DSC-NON,white,front
lamp_ARC1-BRS-BLK-DSC-NON_white_hero.png,lamp,ARC TABLE LAMP,Spun brass,ARC1-BRS-BLK-DSC-NON,white,hero
lamp_ARC1-BRS-BLK-DSC-NON_white_high.png,lamp,ARC TABLE LAMP,Spun brass,ARC1-BRS-BLK-DSC-NON,white,high
lamp_ARC1-BRS-BLK-DSC-NON_white_profile.png,lamp,ARC TABLE LAMP,Spun brass,ARC1-BRS-BLK-DSC-NON,white,profile
lamp_ARC1-CHR-CHR-DSC-INL_neon_front.png,lamp,ARC TABLE LAMP,Charcoal,ARC1-CHR-CHR-DSC-INL,neon,front
lamp_ARC1-CHR-CHR-DSC-INL_neon_hero.png,lamp,ARC TABLE LAMP,Charcoal,ARC1-CHR-CHR-DSC-INL,neon,hero
lamp_ARC1-CHR-CHR-DSC-INL_neon_high.png,lamp,ARC TABLE LAMP,Charcoal,ARC1-CHR-CHR-DSC-INL,neon,high
lamp_ARC1-CHR-CHR-DSC-INL_neon_profile.png,lamp,ARC TABLE LAMP,Charcoal,ARC1-CHR-CHR-DSC-INL,neon,profile
lamp_ARC1-CHR-CHR-DSC-INL_showroom_front.png,lamp,ARC TABLE LAMP,Charcoal,ARC1-CHR-CHR-DSC-INL,showroom,front
lamp_ARC1-CHR-CHR-DSC-INL_showroom_hero.png,lamp,ARC TABLE LAMP,Charcoal,ARC1-CHR-CHR-DSC-INL,showroom,hero
lamp_ARC1-CHR-CHR-DSC-INL_showroom_high.png,lamp,ARC TABLE LAMP,Charcoal,ARC1-CHR-CHR-DSC-INL,showroom,high
lamp_ARC1-CHR-CHR-DSC-INL_showroom_profile.png,lamp,ARC TABLE LAMP,Charcoal,ARC1-CHR-CHR-DSC-INL,showroom,profile
lamp_ARC1-CHR-CHR-DSC-INL_studio_front.png,lamp,ARC TABLE LAMP,Charcoal,ARC1-CHR-CHR-DSC-INL,studio,front
lamp_ARC1-CHR-CHR-DSC-INL_studio_hero.png,lamp,ARC TABLE LAMP,Charcoal,ARC1-CHR-CHR-DSC-INL,studio,hero
lamp_ARC1-CHR-CHR-DSC-INL_studio_high.png,lamp,ARC TABLE LAMP,Charcoal,ARC1-CHR-CHR-DSC-INL,studio,high
lamp_ARC1-CHR-CHR-DSC-INL_studio_profile.png,lamp,ARC TABLE LAMP,Charcoal,ARC1-CHR-CHR-DSC-INL,studio,profile
lamp_ARC1-CHR-CHR-DSC-INL_sunset_front.png,lamp,ARC TABLE LAMP,Charcoal,ARC1-CHR-CHR-DSC-INL,sunset,front
lamp_ARC1-CHR-CHR-DSC-INL_sunset_hero.png,lamp,ARC TABLE LAMP,Charcoal,ARC1-CHR-CHR-DSC-INL,sunset,hero
lamp_ARC1-CHR-CHR-DSC-INL_sunset_high.png,lamp,ARC TABLE LAMP,Charcoal,ARC1-CHR-CHR-DSC-INL,sunset,high
lamp_ARC1-CHR-CHR-DSC-INL_sunset_profile.png,lamp,ARC TABLE LAMP,Charcoal,ARC1-CHR-CHR-DSC-INL,sunset,profile
lamp_ARC1-CHR-CHR-DSC-INL_white_front.png,lamp,ARC TABLE LAMP,Charcoal,ARC1-CHR-CHR-DSC-INL,white,front
lamp_ARC1-CHR-CHR-DSC-INL_white_hero.png,lamp,ARC TABLE LAMP,Charcoal,ARC1-CHR-CHR-DSC-INL,white,hero
lamp_ARC1-CHR-CHR-DSC-INL_white_high.png,lamp,ARC TABLE LAMP,Charcoal,ARC1-CHR-CHR-DSC-INL,white,high
lamp_ARC1-CHR-CHR-DSC-INL_white_profile.png,lamp,ARC TABLE LAMP,Charcoal,ARC1-CHR-CHR-DSC-INL,white,profile
lamp_ARC1-LIN-BLK-PLT-NON_neon_front.png,lamp,ARC TABLE LAMP,Linen,ARC1-LIN-BLK-PLT-NON,neon,front
lamp_ARC1-LIN-BLK-PLT-NON_neon_hero.png,lamp,ARC TABLE LAMP,Linen,ARC1-LIN-BLK-PLT-NON,neon,hero
lamp_ARC1-LIN-BLK-PLT-NON_neon_high.png,lamp,ARC TABLE LAMP,Linen,ARC1-LIN-BLK-PLT-NON,neon,high
lamp_ARC1-LIN-BLK-PLT-NON_neon_profile.png,lamp,ARC TABLE LAMP,Linen,ARC1-LIN-BLK-PLT-NON,neon,profile
lamp_ARC1-LIN-BLK-PLT-NON_showroom_front.png,lamp,ARC TABLE LAMP,Linen,ARC1-LIN-BLK-PLT-NON,showroom,front
lamp_ARC1-LIN-BLK-PLT-NON_showroom_hero.png,lamp,ARC TABLE LAMP,Linen,ARC1-LIN-BLK-PLT-NON,showroom,hero
lamp_ARC1-LIN-BLK-PLT-NON_showroom_high.png,lamp,ARC TABLE LAMP,Linen,ARC1-LIN-BLK-PLT-NON,showroom,high
lamp_ARC1-LIN-BLK-PLT-NON_showroom_profile.png,lamp,ARC TABLE LAMP,Linen,ARC1-LIN-BLK-PLT-NON,showroom,profile
lamp_ARC1-LIN-BLK-PLT-NON_studio_front.png,lamp,ARC TABLE LAMP,Linen,ARC1-LIN-BLK-PLT-NON,studio,front
lamp_ARC1-LIN-BLK-PLT-NON_studio_hero.png,lamp,ARC TABLE LAMP,Linen,ARC1-LIN-BLK-PLT-NON,studio,hero
lamp_ARC1-LIN-BLK-PLT-NON_studio_high.png,lamp,ARC TABLE LAMP,Linen,ARC1-LIN-BLK-PLT-NON,studio,high
lamp_ARC1-LIN-BLK-PLT-NON_studio_profile.png,lamp,ARC TABLE LAMP,Linen,ARC1-LIN-BLK-PLT-NON,studio,profile
lamp_ARC1-LIN-BLK-PLT-NON_sunset_front.png,lamp,ARC TABLE LAMP,Linen,ARC1-LIN-BLK-PLT-NON,sunset,front
lamp_ARC1-LIN-BLK-PLT-NON_sunset_hero.png,lamp,ARC TABLE LAMP,Linen,ARC1-LIN-BLK-PLT-NON,sunset,hero
lamp_ARC1-LIN-BLK-PLT-NON_sunset_high.png,lamp,ARC TABLE LAMP,Linen,ARC1-LIN-BLK-PLT-NON,sunset,high
lamp_ARC1-LIN-BLK-PLT-NON_sunset_profile.png,lamp,ARC TABLE LAMP,Linen,ARC1-LIN-BLK-PLT-NON,sunset,profile
lamp_ARC1-LIN-BLK-PLT-NON_white_front.png,lamp,ARC TABLE LAMP,Linen,ARC1-LIN-BLK-PLT-NON,white,front
lamp_ARC1-LIN-BLK-PLT-NON_white_hero.png,lamp,ARC TABLE LAMP,Linen,ARC1-LIN-BLK-PLT-NON,white,hero
lamp_ARC1-LIN-BLK-PLT-NON_white_high.png,lamp,ARC TABLE LAMP,Linen,ARC1-LIN-BLK-PLT-NON,white,high
lamp_ARC1-LIN-BLK-PLT-NON_white_profile.png,lamp,ARC TABLE LAMP,Linen,ARC1-LIN-BLK-PLT-NON,white,profile
lamp_ARC1-OLV-WAL-DOM-NON_neon_front.png,lamp,ARC TABLE LAMP,Olive,ARC1-OLV-WAL-DOM-NON,neon,front
lamp_ARC1-OLV-WAL-DOM-NON_neon_hero.png,lamp,ARC TABLE LAMP,Olive,ARC1-OLV-WAL-DOM-NON,neon,hero
lamp_ARC1-OLV-WAL-DOM-NON_neon_high.png,lamp,ARC TABLE LAMP,Olive,ARC1-OLV-WAL-DOM-NON,neon,high
lamp_ARC1-OLV-WAL-DOM-NON_neon_profile.png,lamp,ARC TABLE LAMP,Olive,ARC1-OLV-WAL-DOM-NON,neon,profile
lamp_ARC1-OLV-WAL-DOM-NON_showroom_front.png,lamp,ARC TABLE LAMP,Olive,ARC1-OLV-WAL-DOM-NON,showroom,front
lamp_ARC1-OLV-WAL-DOM-NON_showroom_hero.png,lamp,ARC TABLE LAMP,Olive,ARC1-OLV-WAL-DOM-NON,showroom,hero
lamp_ARC1-OLV-WAL-DOM-NON_showroom_high.png,lamp,ARC TABLE LAMP,Olive,ARC1-OLV-WAL-DOM-NON,showroom,high
lamp_ARC1-OLV-WAL-DOM-NON_showroom_profile.png,lamp,ARC TABLE LAMP,Olive,ARC1-OLV-WAL-DOM-NON,showroom,profile
lamp_ARC1-OLV-WAL-DOM-NON_studio_front.png,lamp,ARC TABLE LAMP,Olive,ARC1-OLV-WAL-DOM-NON,studio,front
lamp_ARC1-OLV-WAL-DOM-NON_studio_hero.png,lamp,ARC TABLE LAMP,Olive,ARC1-OLV-WAL-DOM-NON,studio,hero
lamp_ARC1-OLV-WAL-DOM-NON_studio_high.png,lamp,ARC TABLE LAMP,Olive,ARC1-OLV-WAL-DOM-NON,studio,high
lamp_ARC1-OLV-WAL-DOM-NON_studio_profile.png,lamp,ARC TABLE LAMP,Olive,ARC1-OLV-WAL-DOM-NON,studio,profile
lamp_ARC1-OLV-WAL-DOM-NON_sunset_front.png,lamp,ARC TABLE LAMP,Olive,ARC1-OLV-WAL-DOM-NON,sunset,front
lamp_ARC1-OLV-WAL-DOM-NON_sunset_hero.png,lamp,ARC TABLE LAMP,Olive,ARC1-OLV-WAL-DOM-NON,sunset,hero
lamp_ARC1-OLV-WAL-DOM-NON_sunset_high.png,lamp,ARC TABLE LAMP,Olive,ARC1-OLV-WAL-DOM-NON,sunset,high
lamp_ARC1-OLV-WAL-DOM-NON_sunset_profile.png,lamp,ARC TABLE LAMP,Olive,ARC1-OLV-WAL-DOM-NON,sunset,profile
lamp_ARC1-OLV-WAL-DOM-NON_white_front.png,lamp,ARC TABLE LAMP,Olive,ARC1-OLV-WAL-DOM-NON,white,front
lamp_ARC1-OLV-WAL-DOM-NON_white_hero.png,lamp,ARC TABLE LAMP,Olive,ARC1-OLV-WAL-DOM-NON,white,hero
lamp_ARC1-OLV-WAL-DOM-NON_white_high.png,lamp,ARC TABLE LAMP,Olive,ARC1-OLV-WAL-DOM-NON,white,high
lamp_ARC1-OLV-WAL-DOM-NON_white_profile.png,lamp,ARC TABLE LAMP,Olive,ARC1-OLV-WAL-DOM-NON,white,profile
lamp_ARC1-OPL-CHR-DOM-INL_neon_front.png,lamp,ARC TABLE LAMP,Opal glass,ARC1-OPL-CHR-DOM-INL,neon,front
lamp_ARC1-OPL-CHR-DOM-INL_neon_hero.png,lamp,ARC TABLE LAMP,Opal glass,ARC1-OPL-CHR-DOM-INL,neon,hero
lamp_ARC1-OPL-CHR-DOM-INL_neon_high.png,lamp,ARC TABLE LAMP,Opal glass,ARC1-OPL-CHR-DOM-INL,neon,high
lamp_ARC1-OPL-CHR-DOM-INL_neon_profile.png,lamp,ARC TABLE LAMP,Opal glass,ARC1-OPL-CHR-DOM-INL,neon,profile
lamp_ARC1-OPL-CHR-DOM-INL_showroom_front.png,lamp,ARC TABLE LAMP,Opal glass,ARC1-OPL-CHR-DOM-INL,showroom,front
lamp_ARC1-OPL-CHR-DOM-INL_showroom_hero.png,lamp,ARC TABLE LAMP,Opal glass,ARC1-OPL-CHR-DOM-INL,showroom,hero
lamp_ARC1-OPL-CHR-DOM-INL_showroom_high.png,lamp,ARC TABLE LAMP,Opal glass,ARC1-OPL-CHR-DOM-INL,showroom,high
lamp_ARC1-OPL-CHR-DOM-INL_showroom_profile.png,lamp,ARC TABLE LAMP,Opal glass,ARC1-OPL-CHR-DOM-INL,showroom,profile
lamp_ARC1-OPL-CHR-DOM-INL_studio_front.png,lamp,ARC TABLE LAMP,Opal glass,ARC1-OPL-CHR-DOM-INL,studio,front
lamp_ARC1-OPL-CHR-DOM-INL_studio_hero.png,lamp,ARC TABLE LAMP,Opal glass,ARC1-OPL-CHR-DOM-INL,studio,hero
lamp_ARC1-OPL-CHR-DOM-INL_studio_high.png,lamp,ARC TABLE LAMP,Opal glass,ARC1-OPL-CHR-DOM-INL,studio,high
lamp_ARC1-OPL-CHR-DOM-INL_studio_profile.png,lamp,ARC TABLE LAMP,Opal glass,ARC1-OPL-CHR-DOM-INL,studio,profile
lamp_ARC1-OPL-CHR-DOM-INL_sunset_front.png,lamp,ARC TABLE LAMP,Opal glass,ARC1-OPL-CHR-DOM-INL,sunset,front
lamp_ARC1-OPL-CHR-DOM-INL_sunset_hero.png,lamp,ARC TABLE LAMP,Opal glass,ARC1-OPL-CHR-DOM-INL,sunset,hero
lamp_ARC1-OPL-CHR-DOM-INL_sunset_high.png,lamp,ARC TABLE LAMP,Opal glass,ARC1-OPL-CHR-DOM-INL,sunset,high
lamp_ARC1-OPL-CHR-DOM-INL_sunset_profile.png,lamp,ARC TABLE LAMP,Opal glass,ARC1-OPL-CHR-DOM-INL,sunset,profile
lamp_ARC1-OPL-CHR-DOM-INL_white_front.png,lamp,ARC TABLE LAMP,Opal glass,ARC1-OPL-CHR-DOM-INL,white,front
lamp_ARC1-OPL-CHR-DOM-INL_white_hero.png,lamp,ARC TABLE LAMP,Opal glass,ARC1-OPL-CHR-DOM-INL,white,hero
lamp_ARC1-OPL-CHR-DOM-INL_white_high.png,lamp,ARC TABLE LAMP,Opal glass,ARC1-OPL-CHR-DOM-INL,white,high
lamp_ARC1-OPL-CHR-DOM-INL_white_profile.png,lamp,ARC TABLE LAMP,Opal glass,ARC1-OPL-CHR-DOM-INL,white,profile
lamp_ARC1-RST-BRS-PLT-INL_neon_front.png,lamp,ARC TABLE LAMP,Rust,ARC1-RST-BRS-PLT-INL,neon,front
lamp_ARC1-RST-BRS-PLT-INL_neon_hero.png,lamp,ARC TABLE LAMP,Rust,ARC1-RST-BRS-PLT-INL,neon,hero
lamp_ARC1-RST-BRS-PLT-INL_neon_high.png,lamp,ARC TABLE LAMP,Rust,ARC1-RST-BRS-PLT-INL,neon,high
lamp_ARC1-RST-BRS-PLT-INL_neon_profile.png,lamp,ARC TABLE LAMP,Rust,ARC1-RST-BRS-PLT-INL,neon,profile
lamp_ARC1-RST-BRS-PLT-INL_showroom_front.png,lamp,ARC TABLE LAMP,Rust,ARC1-RST-BRS-PLT-INL,showroom,front
lamp_ARC1-RST-BRS-PLT-INL_showroom_hero.png,lamp,ARC TABLE LAMP,Rust,ARC1-RST-BRS-PLT-INL,showroom,hero
lamp_ARC1-RST-BRS-PLT-INL_showroom_high.png,lamp,ARC TABLE LAMP,Rust,ARC1-RST-BRS-PLT-INL,showroom,high
lamp_ARC1-RST-BRS-PLT-INL_showroom_profile.png,lamp,ARC TABLE LAMP,Rust,ARC1-RST-BRS-PLT-INL,showroom,profile
lamp_ARC1-RST-BRS-PLT-INL_studio_front.png,lamp,ARC TABLE LAMP,Rust,ARC1-RST-BRS-PLT-INL,studio,front
lamp_ARC1-RST-BRS-PLT-INL_studio_hero.png,lamp,ARC TABLE LAMP,Rust,ARC1-RST-BRS-PLT-INL,studio,hero
lamp_ARC1-RST-BRS-PLT-INL_studio_high.png,lamp,ARC TABLE LAMP,Rust,ARC1-RST-BRS-PLT-INL,studio,high
lamp_ARC1-RST-BRS-PLT-INL_studio_profile.png,lamp,ARC TABLE LAMP,Rust,ARC1-RST-BRS-PLT-INL,studio,profile
lamp_ARC1-RST-BRS-PLT-INL_sunset_front.png,lamp,ARC TABLE LAMP,Rust,ARC1-RST-BRS-PLT-INL,sunset,front
lamp_ARC1-RST-BRS-PLT-INL_sunset_hero.png,lamp,ARC TABLE LAMP,Rust,ARC1-RST-BRS-PLT-INL,sunset,hero
lamp_ARC1-RST-BRS-PLT-INL_sunset_high.png,lamp,ARC TABLE LAMP,Rust,ARC1-RST-BRS-PLT-INL,sunset,high
lamp_ARC1-RST-BRS-PLT-INL_sunset_profile.png,lamp,ARC TABLE LAMP,Rust,ARC1-RST-BRS-PLT-INL,sunset,profile
lamp_ARC1-RST-BRS-PLT-INL_white_front.png,lamp,ARC TABLE LAMP,Rust,ARC1-RST-BRS-PLT-INL,white,front
lamp_ARC1-RST-BRS-PLT-INL_white_hero.png,lamp,ARC TABLE LAMP,Rust,ARC1-RST-BRS-PLT-INL,white,hero
lamp_ARC1-RST-BRS-PLT-INL_white_high.png,lamp,ARC TABLE LAMP,Rust,ARC1-RST-BRS-PLT-INL,white,high
lamp_ARC1-RST-BRS-PLT-INL_white_profile.png,lamp,ARC TABLE LAMP,Rust,ARC1-RST-BRS-PLT-INL,white,profile
speaker_MON5-ASH-MT-BLK-ON_neon_front.png,speaker,MONITOR 5,Black ash,MON5-ASH-MT-BLK-ON,neon,front
speaker_MON5-ASH-MT-BLK-ON_neon_hero.png,speaker,MONITOR 5,Black ash,MON5-ASH-MT-BLK-ON,neon,hero
speaker_MON5-ASH-MT-BLK-ON_neon_high.png,speaker,MONITOR 5,Black ash,MON5-ASH-MT-BLK-ON,neon,high
speaker_MON5-ASH-MT-BLK-ON_neon_profile.png,speaker,MONITOR 5,Black ash,MON5-ASH-MT-BLK-ON,neon,profile
speaker_MON5-ASH-MT-BLK-ON_showroom_front.png,speaker,MONITOR 5,Black ash,MON5-ASH-MT-BLK-ON,showroom,front
speaker_MON5-ASH-MT-BLK-ON_showroom_hero.png,speaker,MONITOR 5,Black ash,MON5-ASH-MT-BLK-ON,showroom,hero
speaker_MON5-ASH-MT-BLK-ON_showroom_high.png,speaker,MONITOR 5,Black ash,MON5-ASH-MT-BLK-ON,showroom,high
speaker_MON5-ASH-MT-BLK-ON_showroom_profile.png,speaker,MONITOR 5,Black ash,MON5-ASH-MT-BLK-ON,showroom,profile
speaker_MON5-ASH-MT-BLK-ON_studio_front.png,speaker,MONITOR 5,Black ash,MON5-ASH-MT-BLK-ON,studio,front
speaker_MON5-ASH-MT-BLK-ON_studio_hero.png,speaker,MONITOR 5,Black ash,MON5-ASH-MT-BLK-ON,studio,hero
speaker_MON5-ASH-MT-BLK-ON_studio_high.png,speaker,MONITOR 5,Black ash,MON5-ASH-MT-BLK-ON,studio,high
speaker_MON5-ASH-MT-BLK-ON_studio_profile.png,speaker,MONITOR 5,Black ash,MON5-ASH-MT-BLK-ON,studio,profile
speaker_MON5-ASH-MT-BLK-ON_sunset_front.png,speaker,MONITOR 5,Black ash,MON5-ASH-MT-BLK-ON,sunset,front
speaker_MON5-ASH-MT-BLK-ON_sunset_hero.png,speaker,MONITOR 5,Black ash,MON5-ASH-MT-BLK-ON,sunset,hero
speaker_MON5-ASH-MT-BLK-ON_sunset_high.png,speaker,MONITOR 5,Black ash,MON5-ASH-MT-BLK-ON,sunset,high
speaker_MON5-ASH-MT-BLK-ON_sunset_profile.png,speaker,MONITOR 5,Black ash,MON5-ASH-MT-BLK-ON,sunset,profile
speaker_MON5-ASH-MT-BLK-ON_white_front.png,speaker,MONITOR 5,Black ash,MON5-ASH-MT-BLK-ON,white,front
speaker_MON5-ASH-MT-BLK-ON_white_hero.png,speaker,MONITOR 5,Black ash,MON5-ASH-MT-BLK-ON,white,hero
speaker_MON5-ASH-MT-BLK-ON_white_high.png,speaker,MONITOR 5,Black ash,MON5-ASH-MT-BLK-ON,white,high
speaker_MON5-ASH-MT-BLK-ON_white_profile.png,speaker,MONITOR 5,Black ash,MON5-ASH-MT-BLK-ON,white,profile
speaker_MON5-IVO-ST-SLV-OFF_neon_front.png,speaker,MONITOR 5,Bone white,MON5-IVO-ST-SLV-OFF,neon,front
speaker_MON5-IVO-ST-SLV-OFF_neon_hero.png,speaker,MONITOR 5,Bone white,MON5-IVO-ST-SLV-OFF,neon,hero
speaker_MON5-IVO-ST-SLV-OFF_neon_high.png,speaker,MONITOR 5,Bone white,MON5-IVO-ST-SLV-OFF,neon,high
speaker_MON5-IVO-ST-SLV-OFF_neon_profile.png,speaker,MONITOR 5,Bone white,MON5-IVO-ST-SLV-OFF,neon,profile
speaker_MON5-IVO-ST-SLV-OFF_showroom_front.png,speaker,MONITOR 5,Bone white,MON5-IVO-ST-SLV-OFF,showroom,front
speaker_MON5-IVO-ST-SLV-OFF_showroom_hero.png,speaker,MONITOR 5,Bone white,MON5-IVO-ST-SLV-OFF,showroom,hero
speaker_MON5-IVO-ST-SLV-OFF_showroom_high.png,speaker,MONITOR 5,Bone white,MON5-IVO-ST-SLV-OFF,showroom,high
speaker_MON5-IVO-ST-SLV-OFF_showroom_profile.png,speaker,MONITOR 5,Bone white,MON5-IVO-ST-SLV-OFF,showroom,profile
speaker_MON5-IVO-ST-SLV-OFF_studio_front.png,speaker,MONITOR 5,Bone white,MON5-IVO-ST-SLV-OFF,studio,front
speaker_MON5-IVO-ST-SLV-OFF_studio_hero.png,speaker,MONITOR 5,Bone white,MON5-IVO-ST-SLV-OFF,studio,hero
speaker_MON5-IVO-ST-SLV-OFF_studio_high.png,speaker,MONITOR 5,Bone white,MON5-IVO-ST-SLV-OFF,studio,high
speaker_MON5-IVO-ST-SLV-OFF_studio_profile.png,speaker,MONITOR 5,Bone white,MON5-IVO-ST-SLV-OFF,studio,profile
speaker_MON5-IVO-ST-SLV-OFF_sunset_front.png,speaker,MONITOR 5,Bone white,MON5-IVO-ST-SLV-OFF,sunset,front
speaker_MON5-IVO-ST-SLV-OFF_sunset_hero.png,speaker,MONITOR 5,Bone white,MON5-IVO-ST-SLV-OFF,sunset,hero
speaker_MON5-IVO-ST-SLV-OFF_sunset_high.png,speaker,MONITOR 5,Bone white,MON5-IVO-ST-SLV-OFF,sunset,high
speaker_MON5-IVO-ST-SLV-OFF_sunset_profile.png,speaker,MONITOR 5,Bone white,MON5-IVO-ST-SLV-OFF,sunset,profile
speaker_MON5-IVO-ST-SLV-OFF_white_front.png,speaker,MONITOR 5,Bone white,MON5-IVO-ST-SLV-OFF,white,front
speaker_MON5-IVO-ST-SLV-OFF_white_hero.png,speaker,MONITOR 5,Bone white,MON5-IVO-ST-SLV-OFF,white,hero
speaker_MON5-IVO-ST-SLV-OFF_white_high.png,speaker,MONITOR 5,Bone white,MON5-IVO-ST-SLV-OFF,white,high
speaker_MON5-IVO-ST-SLV-OFF_white_profile.png,speaker,MONITOR 5,Bone white,MON5-IVO-ST-SLV-OFF,white,profile
speaker_MON5-OAK-GL-CPR-OFF_neon_front.png,speaker,MONITOR 5,White oak,MON5-OAK-GL-CPR-OFF,neon,front
speaker_MON5-OAK-GL-CPR-OFF_neon_hero.png,speaker,MONITOR 5,White oak,MON5-OAK-GL-CPR-OFF,neon,hero
speaker_MON5-OAK-GL-CPR-OFF_neon_high.png,speaker,MONITOR 5,White oak,MON5-OAK-GL-CPR-OFF,neon,high
speaker_MON5-OAK-GL-CPR-OFF_neon_profile.png,speaker,MONITOR 5,White oak,MON5-OAK-GL-CPR-OFF,neon,profile
speaker_MON5-OAK-GL-CPR-OFF_showroom_front.png,speaker,MONITOR 5,White oak,MON5-OAK-GL-CPR-OFF,showroom,front
speaker_MON5-OAK-GL-CPR-OFF_showroom_hero.png,speaker,MONITOR 5,White oak,MON5-OAK-GL-CPR-OFF,showroom,hero
speaker_MON5-OAK-GL-CPR-OFF_showroom_high.png,speaker,MONITOR 5,White oak,MON5-OAK-GL-CPR-OFF,showroom,high
speaker_MON5-OAK-GL-CPR-OFF_showroom_profile.png,speaker,MONITOR 5,White oak,MON5-OAK-GL-CPR-OFF,showroom,profile
speaker_MON5-OAK-GL-CPR-OFF_studio_front.png,speaker,MONITOR 5,White oak,MON5-OAK-GL-CPR-OFF,studio,front
speaker_MON5-OAK-GL-CPR-OFF_studio_hero.png,speaker,MONITOR 5,White oak,MON5-OAK-GL-CPR-OFF,studio,hero
speaker_MON5-OAK-GL-CPR-OFF_studio_high.png,speaker,MONITOR 5,White oak,MON5-OAK-GL-CPR-OFF,studio,high
speaker_MON5-OAK-GL-CPR-OFF_studio_profile.png,speaker,MONITOR 5,White oak,MON5-OAK-GL-CPR-OFF,studio,profile
speaker_MON5-OAK-GL-CPR-OFF_sunset_front.png,speaker,MONITOR 5,White oak,MON5-OAK-GL-CPR-OFF,sunset,front
speaker_MON5-OAK-GL-CPR-OFF_sunset_hero.png,speaker,MONITOR 5,White oak,MON5-OAK-GL-CPR-OFF,sunset,hero
speaker_MON5-OAK-GL-CPR-OFF_sunset_high.png,speaker,MONITOR 5,White oak,MON5-OAK-GL-CPR-OFF,sunset,high
speaker_MON5-OAK-GL-CPR-OFF_sunset_profile.png,speaker,MONITOR 5,White oak,MON5-OAK-GL-CPR-OFF,sunset,profile
speaker_MON5-OAK-GL-CPR-OFF_white_front.png,speaker,MONITOR 5,White oak,MON5-OAK-GL-CPR-OFF,white,front
speaker_MON5-OAK-GL-CPR-OFF_white_hero.png,speaker,MONITOR 5,White oak,MON5-OAK-GL-CPR-OFF,white,hero
speaker_MON5-OAK-GL-CPR-OFF_white_high.png,speaker,MONITOR 5,White oak,MON5-OAK-GL-CPR-OFF,white,high
speaker_MON5-OAK-GL-CPR-OFF_white_profile.png,speaker,MONITOR 5,White oak,MON5-OAK-GL-CPR-OFF,white,profile
speaker_MON5-OXB-MT-CPR-OFF_neon_front.png,speaker,MONITOR 5,Oxblood,MON5-OXB-MT-CPR-OFF,neon,front
speaker_MON5-OXB-MT-CPR-OFF_neon_hero.png,speaker,MONITOR 5,Oxblood,MON5-OXB-MT-CPR-OFF,neon,hero
speaker_MON5-OXB-MT-CPR-OFF_neon_high.png,speaker,MONITOR 5,Oxblood,MON5-OXB-MT-CPR-OFF,neon,high
speaker_MON5-OXB-MT-CPR-OFF_neon_profile.png,speaker,MONITOR 5,Oxblood,MON5-OXB-MT-CPR-OFF,neon,profile
speaker_MON5-OXB-MT-CPR-OFF_showroom_front.png,speaker,MONITOR 5,Oxblood,MON5-OXB-MT-CPR-OFF,showroom,front
speaker_MON5-OXB-MT-CPR-OFF_showroom_hero.png,speaker,MONITOR 5,Oxblood,MON5-OXB-MT-CPR-OFF,showroom,hero
speaker_MON5-OXB-MT-CPR-OFF_showroom_high.png,speaker,MONITOR 5,Oxblood,MON5-OXB-MT-CPR-OFF,showroom,high
speaker_MON5-OXB-MT-CPR-OFF_showroom_profile.png,speaker,MONITOR 5,Oxblood,MON5-OXB-MT-CPR-OFF,showroom,profile
speaker_MON5-OXB-MT-CPR-OFF_studio_front.png,speaker,MONITOR 5,Oxblood,MON5-OXB-MT-CPR-OFF,studio,front
speaker_MON5-OXB-MT-CPR-OFF_studio_hero.png,speaker,MONITOR 5,Oxblood,MON5-OXB-MT-CPR-OFF,studio,hero
speaker_MON5-OXB-MT-CPR-OFF_studio_high.png,speaker,MONITOR 5,Oxblood,MON5-OXB-MT-CPR-OFF,studio,high
speaker_MON5-OXB-MT-CPR-OFF_studio_profile.png,speaker,MONITOR 5,Oxblood,MON5-OXB-MT-CPR-OFF,studio,profile
speaker_MON5-OXB-MT-CPR-OFF_sunset_front.png,speaker,MONITOR 5,Oxblood,MON5-OXB-MT-CPR-OFF,sunset,front
speaker_MON5-OXB-MT-CPR-OFF_sunset_hero.png,speaker,MONITOR 5,Oxblood,MON5-OXB-MT-CPR-OFF,sunset,hero
speaker_MON5-OXB-MT-CPR-OFF_sunset_high.png,speaker,MONITOR 5,Oxblood,MON5-OXB-MT-CPR-OFF,sunset,high
speaker_MON5-OXB-MT-CPR-OFF_sunset_profile.png,speaker,MONITOR 5,Oxblood,MON5-OXB-MT-CPR-OFF,sunset,profile
speaker_MON5-OXB-MT-CPR-OFF_white_front.png,speaker,MONITOR 5,Oxblood,MON5-OXB-MT-CPR-OFF,white,front
speaker_MON5-OXB-MT-CPR-OFF_white_hero.png,speaker,MONITOR 5,Oxblood,MON5-OXB-MT-CPR-OFF,white,hero
speaker_MON5-OXB-MT-CPR-OFF_white_high.png,speaker,MONITOR 5,Oxblood,MON5-OXB-MT-CPR-OFF,white,high
speaker_MON5-OXB-MT-CPR-OFF_white_profile.png,speaker,MONITOR 5,Oxblood,MON5-OXB-MT-CPR-OFF,white,profile
speaker_MON5-SGE-GL-BRS-ON_neon_front.png,speaker,MONITOR 5,Sage,MON5-SGE-GL-BRS-ON,neon,front
speaker_MON5-SGE-GL-BRS-ON_neon_hero.png,speaker,MONITOR 5,Sage,MON5-SGE-GL-BRS-ON,neon,hero
speaker_MON5-SGE-GL-BRS-ON_neon_high.png,speaker,MONITOR 5,Sage,MON5-SGE-GL-BRS-ON,neon,high
speaker_MON5-SGE-GL-BRS-ON_neon_profile.png,speaker,MONITOR 5,Sage,MON5-SGE-GL-BRS-ON,neon,profile
speaker_MON5-SGE-GL-BRS-ON_showroom_front.png,speaker,MONITOR 5,Sage,MON5-SGE-GL-BRS-ON,showroom,front
speaker_MON5-SGE-GL-BRS-ON_showroom_hero.png,speaker,MONITOR 5,Sage,MON5-SGE-GL-BRS-ON,showroom,hero
speaker_MON5-SGE-GL-BRS-ON_showroom_high.png,speaker,MONITOR 5,Sage,MON5-SGE-GL-BRS-ON,showroom,high
speaker_MON5-SGE-GL-BRS-ON_showroom_profile.png,speaker,MONITOR 5,Sage,MON5-SGE-GL-BRS-ON,showroom,profile
speaker_MON5-SGE-GL-BRS-ON_studio_front.png,speaker,MONITOR 5,Sage,MON5-SGE-GL-BRS-ON,studio,front
speaker_MON5-SGE-GL-BRS-ON_studio_hero.png,speaker,MONITOR 5,Sage,MON5-SGE-GL-BRS-ON,studio,hero
speaker_MON5-SGE-GL-BRS-ON_studio_high.png,speaker,MONITOR 5,Sage,MON5-SGE-GL-BRS-ON,studio,high
speaker_MON5-SGE-GL-BRS-ON_studio_profile.png,speaker,MONITOR 5,Sage,MON5-SGE-GL-BRS-ON,studio,profile
speaker_MON5-SGE-GL-BRS-ON_sunset_front.png,speaker,MONITOR 5,Sage,MON5-SGE-GL-BRS-ON,sunset,front
speaker_MON5-SGE-GL-BRS-ON_sunset_hero.png,speaker,MONITOR 5,Sage,MON5-SGE-GL-BRS-ON,sunset,hero
speaker_MON5-SGE-GL-BRS-ON_sunset_high.png,speaker,MONITOR 5,Sage,MON5-SGE-GL-BRS-ON,sunset,high
speaker_MON5-SGE-GL-BRS-ON_sunset_profile.png,speaker,MONITOR 5,Sage,MON5-SGE-GL-BRS-ON,sunset,profile
speaker_MON5-SGE-GL-BRS-ON_white_front.png,speaker,MONITOR 5,Sage,MON5-SGE-GL-BRS-ON,white,front
speaker_MON5-SGE-GL-BRS-ON_white_hero.png,speaker,MONITOR 5,Sage,MON5-SGE-GL-BRS-ON,white,hero
speaker_MON5-SGE-GL-BRS-ON_white_high.png,speaker,MONITOR 5,Sage,MON5-SGE-GL-BRS-ON,white,high
speaker_MON5-SGE-GL-BRS-ON_white_profile.png,speaker,MONITOR 5,Sage,MON5-SGE-GL-BRS-ON,white,profile
speaker_MON5-WAL-ST-BRS-ON_neon_front.png,speaker,MONITOR 5,Walnut,MON5-WAL-ST-BRS-ON,neon,front
speaker_MON5-WAL-ST-BRS-ON_neon_hero.png,speaker,MONITOR 5,Walnut,MON5-WAL-ST-BRS-ON,neon,hero
speaker_MON5-WAL-ST-BRS-ON_neon_high.png,speaker,MONITOR 5,Walnut,MON5-WAL-ST-BRS-ON,neon,high
speaker_MON5-WAL-ST-BRS-ON_neon_profile.png,speaker,MONITOR 5,Walnut,MON5-WAL-ST-BRS-ON,neon,profile
speaker_MON5-WAL-ST-BRS-ON_showroom_front.png,speaker,MONITOR 5,Walnut,MON5-WAL-ST-BRS-ON,showroom,front
speaker_MON5-WAL-ST-BRS-ON_showroom_hero.png,speaker,MONITOR 5,Walnut,MON5-WAL-ST-BRS-ON,showroom,hero
speaker_MON5-WAL-ST-BRS-ON_showroom_high.png,speaker,MONITOR 5,Walnut,MON5-WAL-ST-BRS-ON,showroom,high
speaker_MON5-WAL-ST-BRS-ON_showroom_profile.png,speaker,MONITOR 5,Walnut,MON5-WAL-ST-BRS-ON,showroom,profile
speaker_MON5-WAL-ST-BRS-ON_studio_front.png,speaker,MONITOR 5,Walnut,MON5-WAL-ST-BRS-ON,studio,front
speaker_MON5-WAL-ST-BRS-ON_studio_hero.png,speaker,MONITOR 5,Walnut,MON5-WAL-ST-BRS-ON,studio,hero
speaker_MON5-WAL-ST-BRS-ON_studio_high.png,speaker,MONITOR 5,Walnut,MON5-WAL-ST-BRS-ON,studio,high
speaker_MON5-WAL-ST-BRS-ON_studio_profile.png,speaker,MONITOR 5,Walnut,MON5-WAL-ST-BRS-ON,studio,profile
speaker_MON5-WAL-ST-BRS-ON_sunset_front.png,speaker,MONITOR 5,Walnut,MON5-WAL-ST-BRS-ON,sunset,front
speaker_MON5-WAL-ST-BRS-ON_sunset_hero.png,speaker,MONITOR 5,Walnut,MON5-WAL-ST-BRS-ON,sunset,hero
speaker_MON5-WAL-ST-BRS-ON_sunset_high.png,speaker,MONITOR 5,Walnut,MON5-WAL-ST-BRS-ON,sunset,high
speaker_MON5-WAL-ST-BRS-ON_sunset_profile.png,speaker,MONITOR 5,Walnut,MON5-WAL-ST-BRS-ON,sunset,profile
speaker_MON5-WAL-ST-BRS-ON_white_front.png,speaker,MONITOR 5,Walnut,MON5-WAL-ST-BRS-ON,white,front
speaker_MON5-WAL-ST-BRS-ON_white_hero.png,speaker,MONITOR 5,Walnut,MON5-WAL-ST-BRS-ON,white,hero
speaker_MON5-WAL-ST-BRS-ON_white_high.png,speaker,MONITOR 5,Walnut,MON5-WAL-ST-BRS-ON,white,high
speaker_MON5-WAL-ST-BRS-ON_white_profile.png,speaker,MONITOR 5,Walnut,MON5-WAL-ST-BRS-ON,white,profile
table_FRM1-BRS-MT-OAK-RNG_neon_front.png,table,FORM 62,Brass,FRM1-BRS-MT-OAK-RNG,neon,front
table_FRM1-BRS-MT-OAK-RNG_neon_hero.png,table,FORM 62,Brass,FRM1-BRS-MT-OAK-RNG,neon,hero
table_FRM1-BRS-MT-OAK-RNG_neon_high.png,table,FORM 62,Brass,FRM1-BRS-MT-OAK-RNG,neon,high
table_FRM1-BRS-MT-OAK-RNG_neon_profile.png,table,FORM 62,Brass,FRM1-BRS-MT-OAK-RNG,neon,profile
table_FRM1-BRS-MT-OAK-RNG_showroom_front.png,table,FORM 62,Brass,FRM1-BRS-MT-OAK-RNG,showroom,front
table_FRM1-BRS-MT-OAK-RNG_showroom_hero.png,table,FORM 62,Brass,FRM1-BRS-MT-OAK-RNG,showroom,hero
table_FRM1-BRS-MT-OAK-RNG_showroom_high.png,table,FORM 62,Brass,FRM1-BRS-MT-OAK-RNG,showroom,high
table_FRM1-BRS-MT-OAK-RNG_showroom_profile.png,table,FORM 62,Brass,FRM1-BRS-MT-OAK-RNG,showroom,profile
table_FRM1-BRS-MT-OAK-RNG_studio_front.png,table,FORM 62,Brass,FRM1-BRS-MT-OAK-RNG,studio,front
table_FRM1-BRS-MT-OAK-RNG_studio_hero.png,table,FORM 62,Brass,FRM1-BRS-MT-OAK-RNG,studio,hero
table_FRM1-BRS-MT-OAK-RNG_studio_high.png,table,FORM 62,Brass,FRM1-BRS-MT-OAK-RNG,studio,high
table_FRM1-BRS-MT-OAK-RNG_studio_profile.png,table,FORM 62,Brass,FRM1-BRS-MT-OAK-RNG,studio,profile
table_FRM1-BRS-MT-OAK-RNG_sunset_front.png,table,FORM 62,Brass,FRM1-BRS-MT-OAK-RNG,sunset,front
table_FRM1-BRS-MT-OAK-RNG_sunset_hero.png,table,FORM 62,Brass,FRM1-BRS-MT-OAK-RNG,sunset,hero
table_FRM1-BRS-MT-OAK-RNG_sunset_high.png,table,FORM 62,Brass,FRM1-BRS-MT-OAK-RNG,sunset,high
table_FRM1-BRS-MT-OAK-RNG_sunset_profile.png,table,FORM 62,Brass,FRM1-BRS-MT-OAK-RNG,sunset,profile
table_FRM1-BRS-MT-OAK-RNG_white_front.png,table,FORM 62,Brass,FRM1-BRS-MT-OAK-RNG,white,front
table_FRM1-BRS-MT-OAK-RNG_white_hero.png,table,FORM 62,Brass,FRM1-BRS-MT-OAK-RNG,white,hero
table_FRM1-BRS-MT-OAK-RNG_white_high.png,table,FORM 62,Brass,FRM1-BRS-MT-OAK-RNG,white,high
table_FRM1-BRS-MT-OAK-RNG_white_profile.png,table,FORM 62,Brass,FRM1-BRS-MT-OAK-RNG,white,profile
table_FRM1-CHR-OL-BRS-RNG_neon_front.png,table,FORM 62,Charcoal,FRM1-CHR-OL-BRS-RNG,neon,front
table_FRM1-CHR-OL-BRS-RNG_neon_hero.png,table,FORM 62,Charcoal,FRM1-CHR-OL-BRS-RNG,neon,hero
table_FRM1-CHR-OL-BRS-RNG_neon_high.png,table,FORM 62,Charcoal,FRM1-CHR-OL-BRS-RNG,neon,high
table_FRM1-CHR-OL-BRS-RNG_neon_profile.png,table,FORM 62,Charcoal,FRM1-CHR-OL-BRS-RNG,neon,profile
table_FRM1-CHR-OL-BRS-RNG_showroom_front.png,table,FORM 62,Charcoal,FRM1-CHR-OL-BRS-RNG,showroom,front
table_FRM1-CHR-OL-BRS-RNG_showroom_hero.png,table,FORM 62,Charcoal,FRM1-CHR-OL-BRS-RNG,showroom,hero
table_FRM1-CHR-OL-BRS-RNG_showroom_high.png,table,FORM 62,Charcoal,FRM1-CHR-OL-BRS-RNG,showroom,high
table_FRM1-CHR-OL-BRS-RNG_showroom_profile.png,table,FORM 62,Charcoal,FRM1-CHR-OL-BRS-RNG,showroom,profile
table_FRM1-CHR-OL-BRS-RNG_studio_front.png,table,FORM 62,Charcoal,FRM1-CHR-OL-BRS-RNG,studio,front
table_FRM1-CHR-OL-BRS-RNG_studio_hero.png,table,FORM 62,Charcoal,FRM1-CHR-OL-BRS-RNG,studio,hero
table_FRM1-CHR-OL-BRS-RNG_studio_high.png,table,FORM 62,Charcoal,FRM1-CHR-OL-BRS-RNG,studio,high
table_FRM1-CHR-OL-BRS-RNG_studio_profile.png,table,FORM 62,Charcoal,FRM1-CHR-OL-BRS-RNG,studio,profile
table_FRM1-CHR-OL-BRS-RNG_sunset_front.png,table,FORM 62,Charcoal,FRM1-CHR-OL-BRS-RNG,sunset,front
table_FRM1-CHR-OL-BRS-RNG_sunset_hero.png,table,FORM 62,Charcoal,FRM1-CHR-OL-BRS-RNG,sunset,hero
table_FRM1-CHR-OL-BRS-RNG_sunset_high.png,table,FORM 62,Charcoal,FRM1-CHR-OL-BRS-RNG,sunset,high
table_FRM1-CHR-OL-BRS-RNG_sunset_profile.png,table,FORM 62,Charcoal,FRM1-CHR-OL-BRS-RNG,sunset,profile
table_FRM1-CHR-OL-BRS-RNG_white_front.png,table,FORM 62,Charcoal,FRM1-CHR-OL-BRS-RNG,white,front
table_FRM1-CHR-OL-BRS-RNG_white_hero.png,table,FORM 62,Charcoal,FRM1-CHR-OL-BRS-RNG,white,hero
table_FRM1-CHR-OL-BRS-RNG_white_high.png,table,FORM 62,Charcoal,FRM1-CHR-OL-BRS-RNG,white,high
table_FRM1-CHR-OL-BRS-RNG_white_profile.png,table,FORM 62,Charcoal,FRM1-CHR-OL-BRS-RNG,white,profile
table_FRM1-MAR-MT-BLK-NON_neon_front.png,table,FORM 62,Carrara,FRM1-MAR-MT-BLK-NON,neon,front
table_FRM1-MAR-MT-BLK-NON_neon_hero.png,table,FORM 62,Carrara,FRM1-MAR-MT-BLK-NON,neon,hero
table_FRM1-MAR-MT-BLK-NON_neon_high.png,table,FORM 62,Carrara,FRM1-MAR-MT-BLK-NON,neon,high
table_FRM1-MAR-MT-BLK-NON_neon_profile.png,table,FORM 62,Carrara,FRM1-MAR-MT-BLK-NON,neon,profile
table_FRM1-MAR-MT-BLK-NON_showroom_front.png,table,FORM 62,Carrara,FRM1-MAR-MT-BLK-NON,showroom,front
table_FRM1-MAR-MT-BLK-NON_showroom_hero.png,table,FORM 62,Carrara,FRM1-MAR-MT-BLK-NON,showroom,hero
table_FRM1-MAR-MT-BLK-NON_showroom_high.png,table,FORM 62,Carrara,FRM1-MAR-MT-BLK-NON,showroom,high
table_FRM1-MAR-MT-BLK-NON_showroom_profile.png,table,FORM 62,Carrara,FRM1-MAR-MT-BLK-NON,showroom,profile
table_FRM1-MAR-MT-BLK-NON_studio_front.png,table,FORM 62,Carrara,FRM1-MAR-MT-BLK-NON,studio,front
table_FRM1-MAR-MT-BLK-NON_studio_hero.png,table,FORM 62,Carrara,FRM1-MAR-MT-BLK-NON,studio,hero
table_FRM1-MAR-MT-BLK-NON_studio_high.png,table,FORM 62,Carrara,FRM1-MAR-MT-BLK-NON,studio,high
table_FRM1-MAR-MT-BLK-NON_studio_profile.png,table,FORM 62,Carrara,FRM1-MAR-MT-BLK-NON,studio,profile
table_FRM1-MAR-MT-BLK-NON_sunset_front.png,table,FORM 62,Carrara,FRM1-MAR-MT-BLK-NON,sunset,front
table_FRM1-MAR-MT-BLK-NON_sunset_hero.png,table,FORM 62,Carrara,FRM1-MAR-MT-BLK-NON,sunset,hero
table_FRM1-MAR-MT-BLK-NON_sunset_high.png,table,FORM 62,Carrara,FRM1-MAR-MT-BLK-NON,sunset,high
table_FRM1-MAR-MT-BLK-NON_sunset_profile.png,table,FORM 62,Carrara,FRM1-MAR-MT-BLK-NON,sunset,profile
table_FRM1-MAR-MT-BLK-NON_white_front.png,table,FORM 62,Carrara,FRM1-MAR-MT-BLK-NON,white,front
table_FRM1-MAR-MT-BLK-NON_white_hero.png,table,FORM 62,Carrara,FRM1-MAR-MT-BLK-NON,white,hero
table_FRM1-MAR-MT-BLK-NON_white_high.png,table,FORM 62,Carrara,FRM1-MAR-MT-BLK-NON,white,high
table_FRM1-MAR-MT-BLK-NON_white_profile.png,table,FORM 62,Carrara,FRM1-MAR-MT-BLK-NON,white,profile
table_FRM1-OAK-OL-CHR-NON_neon_front.png,table,FORM 62,White oak,FRM1-OAK-OL-CHR-NON,neon,front
table_FRM1-OAK-OL-CHR-NON_neon_hero.png,table,FORM 62,White oak,FRM1-OAK-OL-CHR-NON,neon,hero
table_FRM1-OAK-OL-CHR-NON_neon_high.png,table,FORM 62,White oak,FRM1-OAK-OL-CHR-NON,neon,high
table_FRM1-OAK-OL-CHR-NON_neon_profile.png,table,FORM 62,White oak,FRM1-OAK-OL-CHR-NON,neon,profile
table_FRM1-OAK-OL-CHR-NON_showroom_front.png,table,FORM 62,White oak,FRM1-OAK-OL-CHR-NON,showroom,front
table_FRM1-OAK-OL-CHR-NON_showroom_hero.png,table,FORM 62,White oak,FRM1-OAK-OL-CHR-NON,showroom,hero
table_FRM1-OAK-OL-CHR-NON_showroom_high.png,table,FORM 62,White oak,FRM1-OAK-OL-CHR-NON,showroom,high
table_FRM1-OAK-OL-CHR-NON_showroom_profile.png,table,FORM 62,White oak,FRM1-OAK-OL-CHR-NON,showroom,profile
table_FRM1-OAK-OL-CHR-NON_studio_front.png,table,FORM 62,White oak,FRM1-OAK-OL-CHR-NON,studio,front
table_FRM1-OAK-OL-CHR-NON_studio_hero.png,table,FORM 62,White oak,FRM1-OAK-OL-CHR-NON,studio,hero
table_FRM1-OAK-OL-CHR-NON_studio_high.png,table,FORM 62,White oak,FRM1-OAK-OL-CHR-NON,studio,high
table_FRM1-OAK-OL-CHR-NON_studio_profile.png,table,FORM 62,White oak,FRM1-OAK-OL-CHR-NON,studio,profile
table_FRM1-OAK-OL-CHR-NON_sunset_front.png,table,FORM 62,White oak,FRM1-OAK-OL-CHR-NON,sunset,front
table_FRM1-OAK-OL-CHR-NON_sunset_hero.png,table,FORM 62,White oak,FRM1-OAK-OL-CHR-NON,sunset,hero
table_FRM1-OAK-OL-CHR-NON_sunset_high.png,table,FORM 62,White oak,FRM1-OAK-OL-CHR-NON,sunset,high
table_FRM1-OAK-OL-CHR-NON_sunset_profile.png,table,FORM 62,White oak,FRM1-OAK-OL-CHR-NON,sunset,profile
table_FRM1-OAK-OL-CHR-NON_white_front.png,table,FORM 62,White oak,FRM1-OAK-OL-CHR-NON,white,front
table_FRM1-OAK-OL-CHR-NON_white_hero.png,table,FORM 62,White oak,FRM1-OAK-OL-CHR-NON,white,hero
table_FRM1-OAK-OL-CHR-NON_white_high.png,table,FORM 62,White oak,FRM1-OAK-OL-CHR-NON,white,high
table_FRM1-OAK-OL-CHR-NON_white_profile.png,table,FORM 62,White oak,FRM1-OAK-OL-CHR-NON,white,profile
table_FRM1-SGE-LQ-CHR-NON_neon_front.png,table,FORM 62,Sage,FRM1-SGE-LQ-CHR-NON,neon,front
table_FRM1-SGE-LQ-CHR-NON_neon_hero.png,table,FORM 62,Sage,FRM1-SGE-LQ-CHR-NON,neon,hero
table_FRM1-SGE-LQ-CHR-NON_neon_high.png,table,FORM 62,Sage,FRM1-SGE-LQ-CHR-NON,neon,high
table_FRM1-SGE-LQ-CHR-NON_neon_profile.png,table,FORM 62,Sage,FRM1-SGE-LQ-CHR-NON,neon,profile
table_FRM1-SGE-LQ-CHR-NON_showroom_front.png,table,FORM 62,Sage,FRM1-SGE-LQ-CHR-NON,showroom,front
table_FRM1-SGE-LQ-CHR-NON_showroom_hero.png,table,FORM 62,Sage,FRM1-SGE-LQ-CHR-NON,showroom,hero
table_FRM1-SGE-LQ-CHR-NON_showroom_high.png,table,FORM 62,Sage,FRM1-SGE-LQ-CHR-NON,showroom,high
table_FRM1-SGE-LQ-CHR-NON_showroom_profile.png,table,FORM 62,Sage,FRM1-SGE-LQ-CHR-NON,showroom,profile
table_FRM1-SGE-LQ-CHR-NON_studio_front.png,table,FORM 62,Sage,FRM1-SGE-LQ-CHR-NON,studio,front
table_FRM1-SGE-LQ-CHR-NON_studio_hero.png,table,FORM 62,Sage,FRM1-SGE-LQ-CHR-NON,studio,hero
table_FRM1-SGE-LQ-CHR-NON_studio_high.png,table,FORM 62,Sage,FRM1-SGE-LQ-CHR-NON,studio,high
table_FRM1-SGE-LQ-CHR-NON_studio_profile.png,table,FORM 62,Sage,FRM1-SGE-LQ-CHR-NON,studio,profile
table_FRM1-SGE-LQ-CHR-NON_sunset_front.png,table,FORM 62,Sage,FRM1-SGE-LQ-CHR-NON,sunset,front
table_FRM1-SGE-LQ-CHR-NON_sunset_hero.png,table,FORM 62,Sage,FRM1-SGE-LQ-CHR-NON,sunset,hero
table_FRM1-SGE-LQ-CHR-NON_sunset_high.png,table,FORM 62,Sage,FRM1-SGE-LQ-CHR-NON,sunset,high
table_FRM1-SGE-LQ-CHR-NON_sunset_profile.png,table,FORM 62,Sage,FRM1-SGE-LQ-CHR-NON,sunset,profile
table_FRM1-SGE-LQ-CHR-NON_white_front.png,table,FORM 62,Sage,FRM1-SGE-LQ-CHR-NON,white,front
table_FRM1-SGE-LQ-CHR-NON_white_hero.png,table,FORM 62,Sage,FRM1-SGE-LQ-CHR-NON,white,hero
table_FRM1-SGE-LQ-CHR-NON_white_high.png,table,FORM 62,Sage,FRM1-SGE-LQ-CHR-NON,white,high
table_FRM1-SGE-LQ-CHR-NON_white_profile.png,table,FORM 62,Sage,FRM1-SGE-LQ-CHR-NON,white,profile
table_FRM1-WAL-LQ-OAK-RNG_neon_front.png,table,FORM 62,Walnut,FRM1-WAL-LQ-OAK-RNG,neon,front
table_FRM1-WAL-LQ-OAK-RNG_neon_hero.png,table,FORM 62,Walnut,FRM1-WAL-LQ-OAK-RNG,neon,hero
table_FRM1-WAL-LQ-OAK-RNG_neon_high.png,table,FORM 62,Walnut,FRM1-WAL-LQ-OAK-RNG,neon,high
table_FRM1-WAL-LQ-OAK-RNG_neon_profile.png,table,FORM 62,Walnut,FRM1-WAL-LQ-OAK-RNG,neon,profile
table_FRM1-WAL-LQ-OAK-RNG_showroom_front.png,table,FORM 62,Walnut,FRM1-WAL-LQ-OAK-RNG,showroom,front
table_FRM1-WAL-LQ-OAK-RNG_showroom_hero.png,table,FORM 62,Walnut,FRM1-WAL-LQ-OAK-RNG,showroom,hero
table_FRM1-WAL-LQ-OAK-RNG_showroom_high.png,table,FORM 62,Walnut,FRM1-WAL-LQ-OAK-RNG,showroom,high
table_FRM1-WAL-LQ-OAK-RNG_showroom_profile.png,table,FORM 62,Walnut,FRM1-WAL-LQ-OAK-RNG,showroom,profile
table_FRM1-WAL-LQ-OAK-RNG_studio_front.png,table,FORM 62,Walnut,FRM1-WAL-LQ-OAK-RNG,studio,front
table_FRM1-WAL-LQ-OAK-RNG_studio_hero.png,table,FORM 62,Walnut,FRM1-WAL-LQ-OAK-RNG,studio,hero
table_FRM1-WAL-LQ-OAK-RNG_studio_high.png,table,FORM 62,Walnut,FRM1-WAL-LQ-OAK-RNG,studio,high
table_FRM1-WAL-LQ-OAK-RNG_studio_profile.png,table,FORM 62,Walnut,FRM1-WAL-LQ-OAK-RNG,studio,profile
table_FRM1-WAL-LQ-OAK-RNG_sunset_front.png,table,FORM 62,Walnut,FRM1-WAL-LQ-OAK-RNG,sunset,front
table_FRM1-WAL-LQ-OAK-RNG_sunset_hero.png,table,FORM 62,Walnut,FRM1-WAL-LQ-OAK-RNG,sunset,hero
table_FRM1-WAL-LQ-OAK-RNG_sunset_high.png,table,FORM 62,Walnut,FRM1-WAL-LQ-OAK-RNG,sunset,high
table_FRM1-WAL-LQ-OAK-RNG_sunset_profile.png,table,FORM 62,Walnut,FRM1-WAL-LQ-OAK-RNG,sunset,profile
table_FRM1-WAL-LQ-OAK-RNG_white_front.png,table,FORM 62,Walnut,FRM1-WAL-LQ-OAK-RNG,white,front
table_FRM1-WAL-LQ-OAK-RNG_white_hero.png,table,FORM 62,Walnut,FRM1-WAL-LQ-OAK-RNG,white,hero
table_FRM1-WAL-LQ-OAK-RNG_white_high.png,table,FORM 62,Walnut,FRM1-WAL-LQ-OAK-RNG,white,high
table_FRM1-WAL-LQ-OAK-RNG_white_profile.png,table,FORM 62,Walnut,FRM1-WAL-LQ-OAK-RNG,white,profile
